Crop,SeedVariety,Season,SoilType,Soil_pH,WaterRequirement,TemperatureC,RainfallMM,HumidityPercent,State,SowingMonth,HarvestMonth,HarvestTimeDays,CommonDisease,PestControl,FertilizerType,FertilizerKgPerAcre,AverageMarketPriceINR_perKg, 
Aloe Vera,Pusa Drumhead,Zaid,Sandy Loam,7.5,Low,38,364,40,Gujarat,December,October,199,Bacterial Blight,Crop Rotation,Nitrogen,29,86,
Aloe Vera,Kufri Chipsona 1,Annual,Clayey,7.4,Medium,24,2189,89,West Bengal,October,July,111,Wilt,Integrated Pest Management,DAP,60,68,
Aloe Vera,Pusa Basmati 1121,Rabi,Sandy Loam,6.2,Medium,19,1912,53,Kerala,May,May,173,Rust,Crop Rotation,DAP,39,15,
Aloe Vera,JL 24,Zaid,Clayey,6.3,Low,31,467,58,Haryana,July,December,155,Leaf Spot,Chemical Pesticide,NPK,37,76,
Aloe Vera,TAG 24,Annual,Clayey,7.6,Medium,31,415,50,Bihar,January,July,188,Blight,Neem Oil Spray,Compost,20,83,
Aloe Vera,Japanese White,Rabi,Alluvial,5.7,Medium,26,1346,56,Karnataka,August,July,95,Rust,Crop Rotation,NPK,61,48,
Aloe Vera,TMV 7,Zaid,Clayey,6.3,Low,19,1984,90,Telangana,May,August,169,Mildew,Neem Oil Spray,Compost,36,93,
Aloe Vera,Ganga 5,Annual,Alluvial,6.4,High,23,2138,64,Haryana,August,December,90,Wilt,Integrated Pest Management,DAP,48,74,
Aloe Vera,GPU 45,Rabi,Sandy Loam,5.7,Low,34,490,68,Odisha,June,May,96,Bacterial Blight,Crop Rotation,Nitrogen,69,26,
Aloe Vera,GHB 558,Zaid,Black Soil,6.8,High,24,1581,68,Rajasthan,May,January,76,Bacterial Blight,Neem Oil Spray,Compost,25,46,
Apple,RCH2 Bt,Annual,Loamy,6.2,Medium,29,2025,42,Kerala,September,February,60,Wilt,Neem Oil Spray,DAP,117,97,
Apple,MTU1010,Rabi,Black Soil,5.7,High,25,621,80,Telangana,March,November,67,Wilt,Chemical Pesticide,DAP,120,106,
Apple,ADT 43,Kharif,Clayey,6.8,Low,20,621,66,Bihar,August,April,122,Leaf Spot,Chemical Pesticide,Compost,31,115,
Apple,GPU 28,Kharif,Alluvial,6.3,Medium,23,482,47,Kerala,July,October,179,Blight,Neem Oil Spray,DAP,81,105,
Apple,PL 639,Zaid,Loamy,5.9,Medium,27,1080,52,Odisha,January,September,117,Wilt,Neem Oil Spray,NPK,21,107,
Apple,WH 1105,Annual,Alluvial,5.6,Low,24,950,40,Haryana,November,April,184,Rust,Integrated Pest Management,Potash,44,83,
Apple,KBSH 1,Zaid,Black Soil,6.3,High,30,1060,88,Odisha,December,August,199,Wilt,Crop Rotation,Nitrogen,51,72,
Apple,RT 46,Kharif,Alluvial,5.7,Low,31,2111,75,Karnataka,July,August,183,Rust,Chemical Pesticide,NPK,120,26,
Apple,GHB 558,Kharif,Loamy,6.8,Low,38,1014,57,Punjab,October,December,81,Mildew,Biological Control,Potash,102,61,
Apple,Golden Acre,Annual,Clayey,7.7,Low,24,2068,82,Bihar,February,April,111,Rust,Crop Rotation,Potash,74,103,
Apricot,MTU1010,Rabi,Clayey,5.7,Medium,30,1384,82,Bihar,April,April,150,Mildew,Biological Control,NPK,42,13,
Apricot,RD 2035,Zaid,Black Soil,6.3,High,20,468,47,Kerala,August,December,196,Leaf Spot,Biological Control,DAP,32,114,
Apricot,DHM 117,Kharif,Clayey,7.1,Medium,20,1525,64,Bihar,March,March,83,Blight,Neem Oil Spray,Nitrogen,84,30,
Apricot,LBG 20,Kharif,Sandy Loam,7.7,Medium,19,1938,80,Odisha,December,February,76,Blight,Chemical Pesticide,Compost,37,57,
Apricot,Co 99004,Rabi,Sandy Loam,6.6,High,24,1886,76,Rajasthan,August,April,64,Leaf Spot,Chemical Pesticide,DAP,31,81,
Apricot,PL 639,Kharif,Sandy Loam,5.7,Low,34,619,45,Uttar Pradesh,May,September,73,Rust,Neem Oil Spray,Nitrogen,39,92,
Apricot,Kufri Bahar,Rabi,Clayey,5.8,Low,34,1883,51,Tamil Nadu,February,April,150,Mildew,Chemical Pesticide,Nitrogen,31,13,
Apricot,ICTP 8203,Zaid,Black Soil,6,High,30,2079,67,Madhya Pradesh,June,November,134,Wilt,Neem Oil Spray,NPK,39,110,
Apricot,Morden,Rabi,Alluvial,6.8,High,32,2092,44,Telangana,June,June,182,Bacterial Blight,Crop Rotation,Potash,85,88,
Apricot,Arka Nidhi,Rabi,Sandy Loam,7.8,Low,36,693,57,Rajasthan,August,September,65,Mildew,Chemical Pesticide,DAP,60,44,
Arecanut,PL 406,Annual,Alluvial,7.1,Low,20,769,89,Uttar Pradesh,June,October,99,Blight,Biological Control,NPK,112,29,
Arecanut,Samba Mahsuri,Zaid,Loamy,7.2,Medium,35,1847,69,Gujarat,May,June,177,Blight,Integrated Pest Management,Potash,55,34,
Arecanut,Kranti,Zaid,Alluvial,7.2,High,33,1246,69,Tamil Nadu,August,February,137,Mildew,Chemical Pesticide,Potash,63,140,
Arecanut,ICTP 8203,Zaid,Loamy,5.6,Low,24,886,46,Uttar Pradesh,August,October,74,Rust,Neem Oil Spray,Potash,50,19,
Arecanut,KBSH 1,Zaid,Black Soil,6,High,28,1503,42,Rajasthan,October,January,156,Bacterial Blight,Biological Control,NPK,36,121,
Arecanut,PU 31,Kharif,Clayey,6.5,Low,29,869,81,Tamil Nadu,July,February,84,Blight,Integrated Pest Management,NPK,23,23,
Arecanut,Pusa Masoor 5,Rabi,Loamy,6.5,Low,18,2177,40,Maharashtra,June,May,78,Leaf Spot,Crop Rotation,NPK,111,10,
Arecanut,Pusa Bold,Rabi,Clayey,7.1,Medium,35,323,70,Telangana,December,March,140,Bacterial Blight,Biological Control,NPK,46,118,
Arecanut,Pusa Sawani,Rabi,Clayey,6.8,Low,23,1806,63,Haryana,July,April,100,Leaf Spot,Neem Oil Spray,Potash,29,48,
Arecanut,Pusa Basmati 1121,Zaid,Loamy,7.3,Medium,37,1155,62,Karnataka,October,June,105,Bacterial Blight,Chemical Pesticide,DAP,91,110,
Ashwagandha,UPAS 120,Annual,Black Soil,7.5,High,37,1125,43,Kerala,October,November,130,Mildew,Chemical Pesticide,Nitrogen,25,32,
Ashwagandha,Kadiri 6,Kharif,Clayey,5.6,High,29,1954,57,Haryana,November,October,174,Bacterial Blight,Chemical Pesticide,Compost,49,39,
Ashwagandha,Pusa 256,Rabi,Loamy,6.3,High,19,953,82,West Bengal,July,January,185,Leaf Spot,Biological Control,Potash,28,23,
Ashwagandha,ML 365,Kharif,Alluvial,5.9,High,32,2116,83,Punjab,July,March,146,Wilt,Chemical Pesticide,Potash,40,146,
Ashwagandha,Kranti,Rabi,Loamy,6.3,High,30,1144,62,Rajasthan,July,December,102,Bacterial Blight,Biological Control,Compost,66,120,
Ashwagandha,RHB 121,Zaid,Clayey,7.7,Low,27,1595,87,Tamil Nadu,June,May,170,Bacterial Blight,Chemical Pesticide,Potash,65,114,
Ashwagandha,RD 2552,Annual,Black Soil,5.6,Medium,32,1813,87,Bihar,December,August,163,Wilt,Chemical Pesticide,Compost,85,122,
Ashwagandha,Co 86032,Rabi,Alluvial,6.5,Low,38,812,85,Haryana,September,December,171,Bacterial Blight,Neem Oil Spray,Nitrogen,74,57,
Ashwagandha,Varuna,Annual,Black Soil,6.1,Medium,33,2166,79,Uttar Pradesh,September,October,133,Leaf Spot,Integrated Pest Management,Nitrogen,94,85,
Ashwagandha,IR36,Rabi,Alluvial,6.8,High,25,1574,63,Odisha,January,July,94,Blight,Chemical Pesticide,DAP,57,150,
Banana,Varuna,Annual,Clayey,6,High,37,947,76,Odisha,January,February,182,Leaf Spot,Chemical Pesticide,NPK,94,50,
Banana,RT 46,Zaid,Alluvial,6.9,High,20,1286,57,Rajasthan,February,August,146,Wilt,Biological Control,NPK,64,66,
Banana,JG 11,Zaid,Black Soil,6,Low,27,1784,41,Kerala,February,February,104,Bacterial Blight,Crop Rotation,Potash,86,27,
Banana,UPAS 120,Rabi,Sandy Loam,7.2,High,28,724,63,Punjab,January,December,175,Bacterial Blight,Integrated Pest Management,Compost,67,90,
Banana,JG 14,Annual,Alluvial,5.6,Low,22,402,48,Uttar Pradesh,February,May,148,Rust,Chemical Pesticide,DAP,49,34,
Banana,Rohini,Kharif,Clayey,7.4,Low,33,1174,41,Haryana,January,January,75,Wilt,Biological Control,Potash,40,76,
Banana,Nantes,Rabi,Black Soil,7.3,Low,28,1222,52,Odisha,January,June,104,Bacterial Blight,Neem Oil Spray,Nitrogen,78,115,
Banana,MACS 450,Zaid,Loamy,6.3,Medium,37,2150,75,Kerala,January,December,150,Bacterial Blight,Chemical Pesticide,Potash,85,26,
Banana,Varsha Uphar,Rabi,Loamy,6.6,Medium,18,1797,52,Andhra Pradesh,August,May,131,Wilt,Chemical Pesticide,DAP,67,136,
Banana,TMV 7,Rabi,Sandy Loam,6.1,High,23,620,64,Punjab,October,May,70,Wilt,Neem Oil Spray,Compost,77,130,
Barley,Pusa Drumhead,Rabi,Clayey,6.2,High,37,1534,60,Punjab,June,July,97,Rust,Neem Oil Spray,NPK,53,35,
Barley,N53,Kharif,Black Soil,6.9,Low,38,1178,68,Maharashtra,October,February,62,Bacterial Blight,Crop Rotation,Nitrogen,38,87,
Barley,DHM 117,Zaid,Clayey,6.5,Low,23,714,63,West Bengal,October,February,140,Wilt,Crop Rotation,Potash,62,11,
Barley,Asha,Zaid,Clayey,6.5,Low,25,630,58,Madhya Pradesh,February,October,81,Leaf Spot,Chemical Pesticide,Potash,84,35,
Barley,CSH 16,Kharif,Loamy,6.3,Low,25,1632,66,Kerala,January,July,200,Blight,Biological Control,Compost,67,68,
Barley,Varsha Uphar,Zaid,Clayey,7.7,Low,32,1665,46,Haryana,March,May,77,Leaf Spot,Crop Rotation,Nitrogen,79,21,
Barley,Bunny Bt,Kharif,Clayey,6.4,Low,28,1096,43,Odisha,August,March,144,Blight,Integrated Pest Management,Nitrogen,59,50,
Barley,JG 11,Kharif,Black Soil,6.1,High,23,744,65,Madhya Pradesh,March,April,176,Mildew,Chemical Pesticide,Compost,108,118,
Barley,Arka Anamika,Zaid,Sandy Loam,6,Low,27,1248,64,Rajasthan,October,February,76,Bacterial Blight,Chemical Pesticide,Nitrogen,83,60,
Barley,Swarna,Rabi,Clayey,5.8,High,23,1033,51,West Bengal,July,December,79,Wilt,Biological Control,Potash,93,103,
Basil,Kranti,Zaid,Clayey,6.4,Low,21,362,85,Haryana,November,January,131,Blight,Biological Control,NPK,70,150,
Basil,TC 25,Kharif,Loamy,7.3,Medium,34,851,64,Andhra Pradesh,December,March,97,Bacterial Blight,Integrated Pest Management,NPK,60,53,
Basil,RD 2668,Rabi,Alluvial,6.2,Medium,38,961,79,Uttar Pradesh,January,July,191,Leaf Spot,Integrated Pest Management,Nitrogen,84,23,
Basil,RD 2552,Annual,Loamy,6.1,Low,23,390,72,Bihar,July,January,94,Bacterial Blight,Biological Control,NPK,30,84,
Basil,MACS 450,Kharif,Black Soil,7.1,Medium,26,572,85,West Bengal,September,June,68,Rust,Biological Control,DAP,81,18,
Basil,Swarna,Kharif,Alluvial,5.6,High,18,414,82,Karnataka,February,November,150,Leaf Spot,Chemical Pesticide,DAP,47,107,
Basil,Kalyan Sona,Zaid,Sandy Loam,7.6,Medium,25,1228,56,Gujarat,May,December,84,Bacterial Blight,Crop Rotation,Nitrogen,23,42,
Basil,Pratap Makka 5,Rabi,Black Soil,6.4,High,20,970,42,West Bengal,April,August,137,Leaf Spot,Crop Rotation,Potash,116,68,
Basil,JS 95-60,Rabi,Alluvial,6.8,Medium,30,643,49,Karnataka,February,March,158,Leaf Spot,Biological Control,Compost,76,24,
Basil,Vijay,Kharif,Black Soil,7.4,Medium,36,575,88,Uttar Pradesh,July,January,177,Blight,Chemical Pesticide,Compost,106,111,
Beans,Kufri Bahar,Rabi,Black Soil,6.1,Low,26,894,82,Gujarat,September,March,138,Leaf Spot,Crop Rotation,DAP,60,49,
Beans,Pusa Bold,Zaid,Loamy,6.9,Low,38,773,77,Telangana,June,April,89,Leaf Spot,Biological Control,Compost,119,137,
Beans,PU 31,Annual,Loamy,6.9,Low,22,1172,85,Bihar,April,August,161,Blight,Neem Oil Spray,Nitrogen,62,101,
Beans,Pusa Snowball,Zaid,Alluvial,7.4,High,22,2136,67,Gujarat,May,July,131,Leaf Spot,Neem Oil Spray,NPK,38,39,
Beans,Pusa Purple Long,Kharif,Loamy,5.7,Low,34,2197,75,Kerala,November,February,132,Leaf Spot,Neem Oil Spray,DAP,66,146,
Beans,UPAS 120,Zaid,Sandy Loam,5.7,Low,19,1315,46,Haryana,September,August,82,Rust,Biological Control,Nitrogen,87,107,
Beans,GPU 45,Zaid,Black Soil,5.9,Low,21,1709,87,Maharashtra,October,April,191,Rust,Integrated Pest Management,Potash,58,148,
Beans,ICTP 8203,Annual,Black Soil,5.9,Low,26,561,84,Kerala,August,October,133,Blight,Chemical Pesticide,NPK,52,113,
Beans,T9,Zaid,Alluvial,7.2,Medium,24,1391,90,Uttar Pradesh,July,October,102,Leaf Spot,Neem Oil Spray,Nitrogen,72,141,
Beans,JS 95-60,Rabi,Black Soil,5.6,Medium,37,839,60,Haryana,April,October,86,Wilt,Neem Oil Spray,Nitrogen,101,84,
Beetroot,KBSH 41,Rabi,Alluvial,5.6,Low,23,1717,81,Tamil Nadu,October,February,159,Wilt,Crop Rotation,Compost,30,99,
Beetroot,Mallika Bt,Rabi,Loamy,7.5,High,23,1698,73,Punjab,November,February,164,Bacterial Blight,Chemical Pesticide,NPK,100,13,
Beetroot,IR36,Kharif,Loamy,7.7,High,21,1038,83,West Bengal,August,July,173,Mildew,Biological Control,DAP,88,51,
Beetroot,JG 11,Kharif,Sandy Loam,7.7,Low,19,1831,47,Madhya Pradesh,November,December,169,Bacterial Blight,Integrated Pest Management,Compost,63,99,
Beetroot,NRC 37,Rabi,Alluvial,7.2,Medium,23,1749,46,Telangana,May,February,190,Leaf Spot,Chemical Pesticide,NPK,80,109,
Beetroot,Vivek QPM 9,Zaid,Loamy,7.4,High,26,1993,59,Rajasthan,November,August,89,Blight,Crop Rotation,Nitrogen,105,29,
Beetroot,TMV 7,Kharif,Clayey,7.4,Medium,33,332,78,Rajasthan,October,February,181,Mildew,Neem Oil Spray,Potash,111,113,
Beetroot,ICPL 87119,Rabi,Loamy,5.6,Low,22,1605,84,Punjab,May,May,124,Bacterial Blight,Chemical Pesticide,Compost,105,85,
Beetroot,Kalyan Sona,Kharif,Black Soil,5.6,Low,31,1406,74,Uttar Pradesh,September,July,134,Rust,Crop Rotation,Nitrogen,105,72,
Beetroot,LBG 20,Zaid,Black Soil,7.6,Medium,30,1311,54,Punjab,October,May,157,Mildew,Neem Oil Spray,Nitrogen,46,45,
Bitter Gourd,Arka Anamika,Annual,Alluvial,7.6,High,32,1215,64,Madhya Pradesh,July,April,127,Mildew,Crop Rotation,NPK,81,22,
Bitter Gourd,RCH2 Bt,Zaid,Loamy,5.8,Medium,22,1943,47,Odisha,February,April,155,Rust,Biological Control,NPK,112,88,
Bitter Gourd,RD 2035,Zaid,Sandy Loam,7.6,Medium,38,523,48,Andhra Pradesh,April,November,77,Leaf Spot,Chemical Pesticide,Potash,36,14,
Bitter Gourd,Varsha Uphar,Zaid,Clayey,5.9,High,21,970,45,West Bengal,August,May,183,Leaf Spot,Biological Control,NPK,25,14,
Bitter Gourd,Lok 1,Rabi,Clayey,5.9,Medium,19,1625,61,Odisha,May,March,85,Rust,Neem Oil Spray,Compost,88,96,
Bitter Gourd,HD 2967,Annual,Sandy Loam,6.7,Low,36,702,60,Andhra Pradesh,March,June,129,Wilt,Integrated Pest Management,DAP,30,86,
Bitter Gourd,CSV 15,Annual,Black Soil,7.2,Medium,36,1405,63,Rajasthan,July,April,117,Mildew,Neem Oil Spray,Compost,96,45,
Bitter Gourd,Kranti,Zaid,Clayey,6,High,18,1561,88,West Bengal,July,June,126,Mildew,Biological Control,DAP,107,60,
Bitter Gourd,JG 11,Kharif,Loamy,7.3,High,27,1209,84,Rajasthan,January,August,149,Mildew,Integrated Pest Management,Compost,94,107,
Bitter Gourd,Swarna,Annual,Loamy,6.7,High,34,537,42,Andhra Pradesh,July,July,98,Bacterial Blight,Crop Rotation,NPK,43,57,
Black Gram,Vivek QPM 9,Rabi,Alluvial,5.8,Low,31,1335,76,Tamil Nadu,February,June,103,Leaf Spot,Neem Oil Spray,Nitrogen,69,17,
Black Gram,PL 639,Kharif,Clayey,6,Low,18,1391,53,Odisha,June,January,196,Mildew,Chemical Pesticide,Potash,28,128,
Black Gram,ICPL 87119,Annual,Black Soil,6.2,High,24,1091,79,Bihar,September,January,86,Leaf Spot,Chemical Pesticide,Potash,117,45,
Black Gram,Pratap Makka 5,Kharif,Sandy Loam,5.5,High,29,1817,65,West Bengal,July,January,113,Leaf Spot,Neem Oil Spray,NPK,35,114,
Black Gram,T9,Zaid,Alluvial,7.6,High,22,1521,76,Haryana,July,August,194,Mildew,Biological Control,Compost,38,101,
Black Gram,Pusa Basmati 1509,Annual,Clayey,7.2,Medium,23,1437,45,Haryana,April,September,104,Blight,Integrated Pest Management,Compost,21,88,
Black Gram,Golden Acre,Rabi,Clayey,5.7,Medium,38,1130,67,Maharashtra,February,September,197,Bacterial Blight,Biological Control,DAP,96,98,
Black Gram,RT 46,Kharif,Black Soil,6.7,Low,32,981,65,Madhya Pradesh,December,June,154,Leaf Spot,Biological Control,DAP,51,36,
Black Gram,Kufri Jyoti,Rabi,Sandy Loam,5.6,High,19,1350,51,Gujarat,March,November,90,Wilt,Neem Oil Spray,NPK,64,68,
Black Gram,Arka Anamika,Annual,Loamy,6.2,High,31,1780,65,Odisha,February,November,150,Rust,Chemical Pesticide,Nitrogen,88,22,
Black Pepper,RD 2668,Rabi,Loamy,7.4,High,36,576,71,Tamil Nadu,December,June,127,Bacterial Blight,Neem Oil Spray,Nitrogen,45,38,
Black Pepper,PBW 343,Rabi,Sandy Loam,7.5,Medium,25,992,63,Andhra Pradesh,March,February,127,Bacterial Blight,Crop Rotation,Potash,27,94,
Black Pepper,HD 2967,Rabi,Alluvial,7.1,Low,35,407,52,Bihar,July,May,85,Mildew,Neem Oil Spray,Compost,50,94,
Black Pepper,KBSH 1,Kharif,Black Soil,6.9,Low,19,2059,60,Andhra Pradesh,September,December,157,Leaf Spot,Neem Oil Spray,NPK,94,67,
Black Pepper,Kufri Jyoti,Zaid,Black Soil,6.8,High,24,1623,42,Madhya Pradesh,November,March,186,Mildew,Neem Oil Spray,Compost,115,24,
Black Pepper,Golden Acre,Rabi,Black Soil,7.7,Medium,22,1368,72,Karnataka,March,June,78,Mildew,Crop Rotation,Compost,79,49,
Black Pepper,TAG 24,Annual,Loamy,7.7,High,31,714,76,Andhra Pradesh,January,November,107,Leaf Spot,Chemical Pesticide,DAP,29,74,
Black Pepper,DHM 117,Rabi,Sandy Loam,6.9,High,37,1368,40,Andhra Pradesh,June,October,142,Bacterial Blight,Biological Control,Potash,32,71,
Black Pepper,Agrifound Light Red,Zaid,Loamy,6.6,High,32,885,63,Maharashtra,October,October,170,Blight,Neem Oil Spray,Potash,104,66,
Black Pepper,Rohini,Annual,Black Soil,6.5,Low,31,1637,43,Telangana,September,January,175,Blight,Integrated Pest Management,Nitrogen,108,16,
Blueberry,Pusa Masoor 5,Zaid,Clayey,7,High,34,1206,81,West Bengal,June,May,88,Bacterial Blight,Neem Oil Spray,DAP,54,108,
Blueberry,Ganga 5,Zaid,Alluvial,6.7,Low,19,1818,64,Punjab,January,January,150,Rust,Neem Oil Spray,Potash,48,95,
Blueberry,Kufri Pukhraj,Zaid,Alluvial,7.1,High,26,300,74,Uttar Pradesh,January,December,136,Rust,Crop Rotation,NPK,113,66,
Blueberry,Kufri Chipsona 1,Kharif,Alluvial,5.6,Low,18,872,47,Bihar,May,February,91,Mildew,Crop Rotation,Potash,115,14,
Blueberry,Agrifound Light Red,Annual,Loamy,7.6,Low,19,1362,51,Punjab,December,April,131,Blight,Chemical Pesticide,NPK,75,122,
Blueberry,Co 86032,Zaid,Loamy,6.5,High,22,1164,55,Gujarat,October,August,200,Blight,Biological Control,NPK,59,28,
Blueberry,Kufri Bahar,Zaid,Loamy,5.6,High,24,1288,54,Bihar,December,October,183,Blight,Biological Control,NPK,81,147,
Blueberry,IR36,Annual,Alluvial,5.9,High,20,1299,88,Telangana,February,November,74,Leaf Spot,Crop Rotation,Nitrogen,116,37,
Blueberry,PU 31,Annual,Black Soil,5.6,Medium,18,779,56,West Bengal,September,December,171,Blight,Chemical Pesticide,DAP,87,16,
Blueberry,CSV 20,Kharif,Sandy Loam,6.3,High,38,844,71,Tamil Nadu,November,December,141,Blight,Biological Control,Potash,43,11,
Bottle Gourd,Arka Anamika,Zaid,Black Soil,6.1,Medium,32,1124,63,Andhra Pradesh,December,December,144,Bacterial Blight,Crop Rotation,Potash,67,124,
Bottle Gourd,JS 335,Annual,Loamy,5.5,Low,30,1265,46,Uttar Pradesh,October,December,108,Wilt,Biological Control,Nitrogen,65,146,
Bottle Gourd,GG 20,Zaid,Alluvial,5.9,Low,27,2096,43,Andhra Pradesh,December,May,80,Bacterial Blight,Crop Rotation,Potash,107,12,
Bottle Gourd,CO 2,Annual,Loamy,7.4,High,27,427,47,Madhya Pradesh,April,June,119,Mildew,Crop Rotation,DAP,116,81,
Bottle Gourd,Rohini,Kharif,Clayey,6.4,Medium,19,696,50,Kerala,June,February,198,Rust,Integrated Pest Management,Potash,110,96,
Bottle Gourd,Arka Shirish,Zaid,Black Soil,6.2,Medium,23,333,73,Kerala,July,September,196,Mildew,Integrated Pest Management,DAP,85,142,
Bottle Gourd,T 13,Rabi,Loamy,7.5,High,19,1722,82,Bihar,June,June,109,Rust,Biological Control,Nitrogen,54,68,
Bottle Gourd,KBSH 1,Kharif,Sandy Loam,7.2,Medium,28,1051,81,Madhya Pradesh,October,March,70,Leaf Spot,Chemical Pesticide,DAP,75,139,
Bottle Gourd,Pant U 19,Rabi,Black Soil,5.5,Low,29,397,65,Kerala,January,April,134,Mildew,Neem Oil Spray,Compost,37,77,
Bottle Gourd,HD 2967,Zaid,Black Soil,6.3,Low,38,831,81,Tamil Nadu,November,April,63,Wilt,Chemical Pesticide,Compost,22,85,
Brinjal,ML 365,Rabi,Black Soil,6.9,Medium,28,1578,44,Punjab,March,August,189,Bacterial Blight,Neem Oil Spray,DAP,108,109,
Brinjal,Japanese White,Kharif,Clayey,7.6,Low,23,819,69,Uttar Pradesh,July,November,63,Bacterial Blight,Biological Control,Nitrogen,51,14,
Brinjal,Pusa Basmati 1121,Kharif,Clayey,7.7,High,30,1714,85,Rajasthan,June,March,174,Mildew,Neem Oil Spray,NPK,44,33,
Brinjal,Arka Vikas,Kharif,Loamy,6.8,Low,27,1020,68,Bihar,October,November,176,Rust,Chemical Pesticide,DAP,23,113,
Brinjal,LBG 20,Zaid,Black Soil,5.8,Medium,34,520,59,Karnataka,June,September,172,Blight,Chemical Pesticide,Potash,73,112,
Brinjal,WH 1105,Annual,Black Soil,6.6,High,30,2012,43,West Bengal,April,July,187,Bacterial Blight,Neem Oil Spray,NPK,52,47,
Brinjal,HD 3086,Rabi,Sandy Loam,7.8,High,35,2115,54,Tamil Nadu,November,January,133,Bacterial Blight,Crop Rotation,DAP,89,124,
Brinjal,Varsha Uphar,Kharif,Clayey,6.7,Medium,36,2159,83,Madhya Pradesh,October,September,102,Bacterial Blight,Neem Oil Spray,Nitrogen,83,70,
Brinjal,Arka Rakshak,Annual,Loamy,7.8,Medium,22,2009,46,Rajasthan,July,March,83,Wilt,Integrated Pest Management,NPK,34,29,
Brinjal,Pratap Makka 5,Rabi,Loamy,7.6,Low,22,758,68,Andhra Pradesh,January,September,74,Bacterial Blight,Neem Oil Spray,Nitrogen,72,44,
Cabbage,DHM 117,Rabi,Loamy,7.2,Medium,30,1497,76,Telangana,September,November,81,Blight,Chemical Pesticide,Nitrogen,107,26,
Cabbage,Varuna,Annual,Alluvial,6.1,High,32,368,46,Haryana,April,September,151,Leaf Spot,Crop Rotation,Nitrogen,31,102,
Cabbage,ADT 43,Annual,Loamy,6.4,Low,25,1830,57,Rajasthan,January,July,135,Bacterial Blight,Chemical Pesticide,NPK,60,30,
Cabbage,WH 1105,Kharif,Clayey,5.7,Low,27,1559,82,Uttar Pradesh,May,December,118,Rust,Crop Rotation,NPK,45,147,
Cabbage,JG 11,Annual,Alluvial,7.6,High,26,2063,43,West Bengal,July,July,135,Blight,Integrated Pest Management,Potash,120,117,
Cabbage,Kalyan Sona,Rabi,Loamy,7.5,High,18,355,59,Maharashtra,June,December,191,Leaf Spot,Biological Control,Compost,117,67,
Cabbage,Pusa Drumhead,Rabi,Black Soil,7.3,High,18,1490,83,West Bengal,August,November,103,Blight,Neem Oil Spray,Potash,117,68,
Cabbage,MTU1010,Kharif,Clayey,6.2,Medium,28,514,76,Maharashtra,May,February,186,Blight,Neem Oil Spray,Nitrogen,60,62,
Cabbage,UPAS 120,Rabi,Alluvial,6.3,Medium,38,458,48,Gujarat,June,October,192,Blight,Integrated Pest Management,Potash,32,138,
Cabbage,NRC 37,Zaid,Black Soil,7,Low,26,1317,55,Maharashtra,August,May,100,Mildew,Chemical Pesticide,Potash,102,129,
Cardamom,Co 86032,Kharif,Loamy,6.1,Medium,33,1194,52,Kerala,November,January,148,Leaf Spot,Chemical Pesticide,DAP,85,50,
Cardamom,JL 24,Zaid,Black Soil,6.1,Medium,34,671,52,Haryana,February,January,190,Bacterial Blight,Biological Control,Nitrogen,77,90,
Cardamom,Pusa Red,Zaid,Loamy,6,Low,28,1793,60,Maharashtra,March,December,115,Leaf Spot,Crop Rotation,DAP,38,129,
Cardamom,PL 406,Annual,Clayey,7.6,Low,21,1961,53,Andhra Pradesh,September,November,83,Leaf Spot,Crop Rotation,DAP,44,22,
Cardamom,RHB 121,Annual,Clayey,6.5,Low,28,1607,40,Uttar Pradesh,December,April,191,Wilt,Integrated Pest Management,Compost,79,54,
Cardamom,NCS 145 Bt,Zaid,Black Soil,5.6,Medium,38,1175,44,West Bengal,March,April,136,Rust,Chemical Pesticide,Compost,109,142,
Cardamom,ML 365,Rabi,Clayey,7.6,Low,23,1785,41,Bihar,September,February,161,Leaf Spot,Chemical Pesticide,DAP,102,133,
Cardamom,JG 14,Zaid,Clayey,6.8,Medium,37,1207,86,Karnataka,August,December,181,Leaf Spot,Integrated Pest Management,NPK,42,142,
Cardamom,Agrifound Light Red,Zaid,Clayey,5.8,Medium,27,844,50,West Bengal,February,February,110,Leaf Spot,Integrated Pest Management,Nitrogen,105,116,
Cardamom,Kalyan Sona,Rabi,Alluvial,5.7,Low,31,1973,83,Punjab,April,November,153,Blight,Biological Control,DAP,45,77,
Carrot,Kalyan Sona,Rabi,Loamy,6.3,Medium,28,1546,62,Punjab,February,June,89,Leaf Spot,Neem Oil Spray,Nitrogen,114,128,
Carrot,Ganga 5,Kharif,Loamy,6.1,Low,28,1014,73,Karnataka,February,December,117,Bacterial Blight,Biological Control,NPK,68,75,
Carrot,WH 1105,Zaid,Sandy Loam,6.7,Low,24,582,77,Punjab,October,November,200,Wilt,Chemical Pesticide,Potash,48,16,
Carrot,Varsha Uphar,Rabi,Loamy,5.9,Low,30,604,50,Bihar,September,October,162,Leaf Spot,Crop Rotation,Nitrogen,52,31,
Carrot,Kufri Bahar,Kharif,Alluvial,7.1,Medium,19,1818,52,Maharashtra,January,October,171,Bacterial Blight,Chemical Pesticide,DAP,86,88,
Carrot,Pusa Purple Long,Annual,Sandy Loam,6.6,Low,38,820,78,Rajasthan,May,March,122,Bacterial Blight,Chemical Pesticide,Compost,101,96,
Carrot,DHM 117,Zaid,Clayey,5.7,Low,18,1028,75,Telangana,October,May,73,Blight,Chemical Pesticide,Compost,20,102,
Carrot,Pant U 19,Zaid,Sandy Loam,7.3,Medium,18,1244,89,Rajasthan,November,September,70,Bacterial Blight,Biological Control,Compost,32,89,
Carrot,Pusa Snowball,Kharif,Alluvial,7.4,Medium,32,624,47,West Bengal,September,November,177,Blight,Chemical Pesticide,Potash,58,82,
Carrot,KBSH 41,Rabi,Loamy,5.6,Medium,19,479,45,West Bengal,April,December,111,Bacterial Blight,Crop Rotation,Compost,41,14,
Castor,Morden,Kharif,Clayey,6.4,Low,25,1329,47,Rajasthan,May,March,176,Rust,Neem Oil Spray,NPK,36,22,
Castor,Pusa Ruby,Annual,Clayey,7.6,High,38,1163,77,Andhra Pradesh,June,October,120,Blight,Neem Oil Spray,DAP,82,112,
Castor,RHB 121,Rabi,Clayey,6.1,Medium,27,2005,64,Telangana,April,January,84,Mildew,Integrated Pest Management,Potash,40,110,
Castor,Vijay,Zaid,Black Soil,7.5,Medium,22,1798,70,West Bengal,December,December,179,Bacterial Blight,Neem Oil Spray,DAP,83,49,
Castor,Rohini,Zaid,Clayey,6.7,Medium,21,2011,50,Rajasthan,April,March,125,Bacterial Blight,Crop Rotation,Nitrogen,57,49,
Castor,Samrat,Annual,Black Soil,6,Medium,25,744,52,Odisha,January,November,102,Rust,Chemical Pesticide,NPK,21,99,
Castor,JG 11,Kharif,Sandy Loam,7,Medium,38,1020,46,Kerala,July,December,196,Bacterial Blight,Biological Control,NPK,66,48,
Castor,Pusa Bold,Annual,Sandy Loam,7.3,Low,26,526,82,Maharashtra,November,October,107,Wilt,Biological Control,Potash,29,68,
Castor,Co 86032,Kharif,Clayey,5.9,High,35,644,40,Rajasthan,April,January,65,Rust,Biological Control,NPK,56,145,
Castor,SML 668,Kharif,Black Soil,6.6,Low,21,1918,74,Maharashtra,March,October,128,Blight,Neem Oil Spray,NPK,120,15,
Cauliflower,HHB 67,Rabi,Black Soil,7.1,High,18,1168,63,Madhya Pradesh,August,August,178,Bacterial Blight,Biological Control,NPK,115,69,
Cauliflower,Vijay,Zaid,Alluvial,6.4,High,23,2042,72,Bihar,December,May,120,Mildew,Chemical Pesticide,Compost,76,49,
Cauliflower,WH 1105,Kharif,Sandy Loam,7.7,Low,28,722,68,Andhra Pradesh,March,May,87,Mildew,Crop Rotation,Compost,56,120,
Cauliflower,JG 14,Rabi,Loamy,7,Medium,34,465,47,West Bengal,October,May,67,Mildew,Crop Rotation,Nitrogen,29,95,
Cauliflower,Morden,Annual,Sandy Loam,6.8,High,25,1404,54,Andhra Pradesh,July,November,198,Blight,Chemical Pesticide,NPK,65,97,
Cauliflower,JL 24,Annual,Loamy,6.8,Medium,29,427,90,Karnataka,August,November,136,Leaf Spot,Chemical Pesticide,DAP,86,31,
Cauliflower,Pusa Masoor 5,Annual,Sandy Loam,7.3,Medium,29,720,55,Bihar,February,June,190,Mildew,Integrated Pest Management,NPK,32,91,
Cauliflower,Kranti,Annual,Clayey,7.2,Low,33,475,60,Tamil Nadu,September,September,106,Blight,Neem Oil Spray,NPK,21,49,
Cauliflower,Asha,Annual,Sandy Loam,5.8,Medium,33,2029,48,Madhya Pradesh,November,November,131,Leaf Spot,Integrated Pest Management,Potash,66,82,
Cauliflower,CSV 20,Rabi,Sandy Loam,5.7,Low,34,1424,53,Punjab,July,May,134,Bacterial Blight,Neem Oil Spray,NPK,31,65,
Cherry,HD 2967,Rabi,Sandy Loam,7,Low,20,2040,80,Kerala,March,July,169,Mildew,Crop Rotation,Potash,104,55,
Cherry,Pusa 256,Annual,Black Soil,5.5,Medium,18,488,44,Odisha,August,October,196,Wilt,Integrated Pest Management,Potash,63,129,
Cherry,Pusa Kesar,Rabi,Alluvial,5.6,Low,28,829,48,Punjab,December,January,68,Blight,Biological Control,Compost,56,62,
Cherry,WH 1105,Kharif,Sandy Loam,6.7,Medium,18,1622,82,Karnataka,November,October,103,Leaf Spot,Crop Rotation,NPK,87,17,
Cherry,Kadiri 6,Zaid,Loamy,6.8,High,22,471,68,Maharashtra,October,December,150,Leaf Spot,Neem Oil Spray,Potash,64,64,
Cherry,HHB 67,Rabi,Black Soil,6.7,High,20,1388,48,Kerala,October,October,162,Mildew,Biological Control,DAP,26,29,
Cherry,ICPL 87119,Annual,Loamy,6.4,Medium,32,2157,85,Tamil Nadu,October,January,129,Blight,Crop Rotation,Nitrogen,68,84,
Cherry,Maruti,Kharif,Clayey,6.7,Low,25,862,61,Telangana,October,May,63,Wilt,Biological Control,Potash,118,21,
Cherry,JS 95-60,Rabi,Alluvial,7,Medium,38,1931,89,Bihar,February,October,135,Leaf Spot,Neem Oil Spray,DAP,95,66,
Cherry,GG 20,Rabi,Alluvial,6,High,29,332,43,Madhya Pradesh,August,August,144,Bacterial Blight,Neem Oil Spray,NPK,61,34,
Chickpea,Kufri Pukhraj,Kharif,Clayey,7.7,Medium,29,911,49,Rajasthan,August,February,74,Bacterial Blight,Chemical Pesticide,Nitrogen,86,22,
Chickpea,Pusa Ruby,Zaid,Sandy Loam,5.7,Low,35,1946,71,Karnataka,September,July,99,Mildew,Biological Control,NPK,112,93,
Chickpea,Ganga 5,Annual,Sandy Loam,6,Medium,38,725,68,Haryana,June,April,116,Blight,Crop Rotation,DAP,42,148,
Chickpea,Deccan 103,Zaid,Black Soil,5.9,High,32,1177,65,Kerala,January,April,179,Leaf Spot,Neem Oil Spray,Nitrogen,92,113,
Chickpea,Kufri Jyoti,Annual,Sandy Loam,6.4,Medium,31,1383,44,Karnataka,March,May,135,Mildew,Crop Rotation,Nitrogen,70,56,
Chickpea,Morden,Annual,Loamy,7.2,High,24,1901,63,Kerala,December,July,194,Rust,Biological Control,Compost,21,119,
Chickpea,Golden Acre,Rabi,Loamy,6,High,22,1550,60,Andhra Pradesh,August,September,86,Wilt,Biological Control,Potash,112,71,
Chickpea,RD 2552,Annual,Alluvial,7.6,High,22,1569,65,Bihar,September,February,190,Rust,Integrated Pest Management,Nitrogen,116,37,
Chickpea,DPL 62,Annual,Sandy Loam,7,Low,25,591,54,Maharashtra,March,October,77,Bacterial Blight,Chemical Pesticide,Compost,107,46,
Chickpea,WH 1105,Kharif,Loamy,5.7,High,27,2146,83,Bihar,May,June,155,Blight,Chemical Pesticide,Nitrogen,21,135,
Cinnamon,PBW 343,Zaid,Black Soil,6.6,Medium,20,2075,88,Haryana,November,August,185,Bacterial Blight,Chemical Pesticide,Potash,105,30,
Cinnamon,Co 99004,Kharif,Clayey,7.2,Low,34,818,73,Bihar,November,January,88,Blight,Integrated Pest Management,Compost,35,129,
Cinnamon,TAG 24,Rabi,Alluvial,5.9,High,20,1330,85,Rajasthan,April,November,108,Rust,Biological Control,Nitrogen,99,133,
Cinnamon,Swarna,Zaid,Alluvial,6.1,High,22,1923,50,Telangana,January,October,91,Bacterial Blight,Neem Oil Spray,Potash,90,52,
Cinnamon,Pusa Rohini,Zaid,Alluvial,6,Low,28,887,49,Punjab,September,March,109,Wilt,Integrated Pest Management,NPK,69,87,
Cinnamon,Nantes,Annual,Alluvial,5.9,Medium,31,491,60,Madhya Pradesh,October,September,80,Mildew,Crop Rotation,Compost,120,86,
Cinnamon,Varuna,Zaid,Alluvial,5.9,Low,18,2054,50,Madhya Pradesh,November,April,142,Mildew,Integrated Pest Management,Compost,89,101,
Cinnamon,RD 2552,Kharif,Sandy Loam,7.3,Low,23,955,80,Madhya Pradesh,August,February,86,Rust,Crop Rotation,Compost,44,68,
Cinnamon,RCH2 Bt,Annual,Black Soil,6.6,High,25,1132,67,Maharashtra,July,February,178,Mildew,Neem Oil Spray,DAP,97,133,
Cinnamon,Kufri Jyoti,Kharif,Clayey,7,Medium,28,702,77,Punjab,January,October,65,Mildew,Crop Rotation,DAP,39,64,
Clove,CSV 15,Annual,Black Soil,6.7,Low,20,1904,86,Haryana,August,May,60,Wilt,Crop Rotation,Nitrogen,43,98,
Clove,CSH 14,Rabi,Black Soil,6.7,High,36,608,47,Madhya Pradesh,August,January,149,Blight,Integrated Pest Management,Compost,118,144,
Clove,JG 14,Kharif,Loamy,5.9,Medium,37,577,43,West Bengal,June,October,115,Leaf Spot,Neem Oil Spray,Nitrogen,89,41,
Clove,HD 2967,Kharif,Black Soil,6.1,Medium,21,1255,43,Punjab,May,November,61,Rust,Biological Control,Nitrogen,75,31,
Clove,Kalyan Sona,Kharif,Sandy Loam,6.7,Medium,37,1472,48,Odisha,November,November,177,Wilt,Crop Rotation,Compost,95,72,
Clove,Ganga 5,Zaid,Sandy Loam,6.1,High,24,340,60,Telangana,August,March,183,Leaf Spot,Integrated Pest Management,Potash,108,84,
Clove,Pusa Sawani,Kharif,Sandy Loam,7.5,Low,25,2012,89,Andhra Pradesh,April,July,87,Rust,Chemical Pesticide,NPK,21,98,
Clove,ICTP 8203,Zaid,Loamy,5.7,High,29,1885,90,Punjab,April,March,186,Mildew,Neem Oil Spray,DAP,118,36,
Clove,MACS 450,Zaid,Alluvial,5.5,High,36,701,54,Uttar Pradesh,June,July,150,Wilt,Neem Oil Spray,NPK,27,67,
Clove,JG 11,Rabi,Black Soil,5.9,Low,29,2189,63,Gujarat,October,September,80,Blight,Crop Rotation,DAP,51,65,
Cocoa,Bunny Bt,Kharif,Sandy Loam,5.7,Medium,19,2115,43,Maharashtra,June,March,157,Rust,Integrated Pest Management,Potash,114,42,
Cocoa,PDM 139,Rabi,Sandy Loam,7.4,Medium,26,1485,65,Punjab,May,February,191,Blight,Chemical Pesticide,Compost,40,131,
Cocoa,HD 2967,Annual,Alluvial,6.7,Medium,23,1950,86,Madhya Pradesh,March,January,140,Bacterial Blight,Crop Rotation,Compost,88,150,
Cocoa,MACS 450,Zaid,Black Soil,6.4,High,24,433,83,Rajasthan,July,June,92,Rust,Chemical Pesticide,Potash,81,123,
Cocoa,TMV 7,Kharif,Alluvial,7.8,Medium,28,354,88,West Bengal,December,January,174,Bacterial Blight,Chemical Pesticide,Nitrogen,21,97,
Cocoa,Kufri Bahar,Annual,Sandy Loam,6.9,Low,36,2187,65,Rajasthan,November,November,181,Rust,Crop Rotation,DAP,87,140,
Cocoa,RD 2035,Kharif,Loamy,7,Medium,37,409,71,Andhra Pradesh,March,June,149,Bacterial Blight,Chemical Pesticide,NPK,82,142,
Cocoa,Kalyan Sona,Annual,Loamy,5.9,Medium,34,1221,44,Kerala,November,October,151,Bacterial Blight,Biological Control,Potash,41,114,
Cocoa,RCH2 Bt,Rabi,Loamy,6.1,Medium,24,825,74,Madhya Pradesh,October,March,144,Bacterial Blight,Integrated Pest Management,Nitrogen,103,127,
Cocoa,RD 2552,Annual,Clayey,5.6,Low,33,2070,46,Odisha,January,February,89,Rust,Integrated Pest Management,Nitrogen,64,100,
Coconut,PL 406,Annual,Sandy Loam,6.3,High,30,330,86,Maharashtra,October,August,158,Wilt,Chemical Pesticide,NPK,37,44,
Coconut,Pusa Red,Kharif,Alluvial,6.6,High,31,1563,90,Madhya Pradesh,October,May,167,Leaf Spot,Chemical Pesticide,Potash,42,19,
Coconut,IR36,Zaid,Alluvial,7,High,34,1878,85,Odisha,May,November,180,Leaf Spot,Biological Control,DAP,81,133,
Coconut,Pusa Ruby,Annual,Alluvial,5.8,Low,27,664,56,Bihar,November,November,112,Leaf Spot,Crop Rotation,NPK,107,54,
Coconut,Pusa Vishal,Zaid,Black Soil,6.5,High,25,1636,50,Gujarat,August,April,186,Blight,Chemical Pesticide,Nitrogen,118,47,
Coconut,Varsha Uphar,Kharif,Black Soil,6.8,Medium,23,1827,58,Haryana,August,October,133,Blight,Neem Oil Spray,Nitrogen,113,62,
Coconut,CSH 16,Annual,Clayey,7.2,Medium,38,1624,53,Tamil Nadu,March,September,137,Leaf Spot,Biological Control,Nitrogen,46,126,
Coconut,Arka Vikas,Kharif,Sandy Loam,5.6,Medium,29,1000,67,Punjab,March,February,188,Rust,Crop Rotation,Nitrogen,107,45,
Coconut,Kranti,Annual,Clayey,6.8,Medium,30,896,77,Bihar,February,December,155,Mildew,Crop Rotation,Potash,94,18,
Coconut,Golden Acre,Kharif,Alluvial,6.3,High,27,1573,83,Punjab,September,December,183,Wilt,Integrated Pest Management,Nitrogen,109,30,
Coffee,Kufri Jyoti,Zaid,Black Soil,7,High,22,1280,71,West Bengal,February,May,84,Rust,Integrated Pest Management,DAP,63,24,
Coffee,MTU1010,Annual,Black Soil,7.5,Medium,19,1230,53,Karnataka,September,January,185,Rust,Neem Oil Spray,DAP,29,101,
Coffee,HQPM 1,Rabi,Black Soil,6.8,Medium,27,463,89,Andhra Pradesh,May,May,96,Bacterial Blight,Neem Oil Spray,DAP,40,130,
Coffee,Arka Nidhi,Rabi,Black Soil,7.3,High,37,932,75,Odisha,January,November,73,Blight,Integrated Pest Management,DAP,62,28,
Coffee,JS 335,Zaid,Clayey,5.8,Medium,18,1821,44,Madhya Pradesh,August,November,119,Blight,Crop Rotation,Nitrogen,114,101,
Coffee,Pant U 19,Kharif,Alluvial,5.5,Low,22,1849,71,Gujarat,February,April,190,Mildew,Crop Rotation,DAP,101,139,
Coffee,JS 95-60,Annual,Loamy,6.7,Low,24,1916,90,Andhra Pradesh,December,November,67,Mildew,Biological Control,NPK,72,44,
Coffee,RD 2668,Annual,Clayey,7.7,High,25,1443,74,Haryana,December,December,95,Blight,Crop Rotation,Compost,70,113,
Coffee,Arka Anamika,Rabi,Sandy Loam,7.5,Medium,35,1164,78,Gujarat,November,July,195,Bacterial Blight,Biological Control,Nitrogen,36,117,
Coffee,Pusa Kranti,Zaid,Alluvial,5.8,High,37,667,48,Gujarat,April,February,148,Rust,Biological Control,Nitrogen,106,91,
Coriander,RD 2668,Kharif,Sandy Loam,6.8,Medium,18,931,77,Andhra Pradesh,February,July,128,Bacterial Blight,Biological Control,Potash,36,129,
Coriander,PDM 139,Zaid,Black Soil,6,Low,18,1492,75,Odisha,October,March,199,Wilt,Crop Rotation,Potash,97,35,
Coriander,Arka Anamika,Annual,Loamy,6.9,Medium,32,757,43,Punjab,July,October,104,Wilt,Integrated Pest Management,NPK,98,99,
Coriander,Pusa Bold,Zaid,Black Soil,7.6,Low,34,945,63,Andhra Pradesh,August,June,96,Mildew,Chemical Pesticide,DAP,60,12,
Coriander,Deccan 103,Rabi,Alluvial,7.6,Low,23,1191,67,Maharashtra,June,October,189,Mildew,Crop Rotation,Potash,79,65,
Coriander,Pusa 256,Zaid,Loamy,6.4,High,30,1712,84,Madhya Pradesh,May,July,167,Wilt,Integrated Pest Management,Nitrogen,80,66,
Coriander,Pusa Sawani,Kharif,Black Soil,7.1,Low,19,1887,87,Andhra Pradesh,March,July,188,Mildew,Chemical Pesticide,Nitrogen,45,60,
Coriander,Pusa Snowball,Rabi,Black Soil,7.4,High,32,2067,44,Rajasthan,November,June,126,Rust,Crop Rotation,Nitrogen,108,139,
Coriander,Pusa Rohini,Kharif,Loamy,7.8,Low,28,1860,72,Telangana,June,December,124,Blight,Chemical Pesticide,NPK,110,92,
Coriander,Lok 1,Kharif,Black Soil,7,Medium,23,1978,42,Uttar Pradesh,February,July,79,Leaf Spot,Integrated Pest Management,DAP,60,16,
Cotton,GHB 558,Annual,Clayey,7.6,Medium,26,637,85,Rajasthan,October,July,159,Leaf Spot,Integrated Pest Management,NPK,45,118,
Cotton,Pusa Sawani,Rabi,Black Soil,6.9,High,27,1462,52,Rajasthan,September,January,175,Bacterial Blight,Chemical Pesticide,NPK,96,70,
Cotton,Arka Vikas,Rabi,Alluvial,6.6,High,35,505,71,Gujarat,January,July,125,Leaf Spot,Neem Oil Spray,DAP,97,112,
Cotton,DPL 62,Kharif,Clayey,6.9,Medium,26,1840,69,Telangana,May,November,199,Mildew,Neem Oil Spray,Potash,80,141,
Cotton,TAG 24,Kharif,Alluvial,7.2,High,25,2053,74,Telangana,October,February,119,Rust,Crop Rotation,DAP,47,106,
Cotton,Arka Shirish,Annual,Alluvial,7.5,Medium,22,1245,54,Punjab,March,February,196,Leaf Spot,Biological Control,NPK,108,86,
Cotton,HD 3086,Rabi,Loamy,7.6,Medium,29,2007,78,Telangana,November,May,176,Bacterial Blight,Integrated Pest Management,Potash,108,117,
Cotton,CO 2,Kharif,Loamy,7.2,Medium,19,922,48,Bihar,January,August,79,Leaf Spot,Neem Oil Spray,Compost,59,43,
Cotton,Arka Nidhi,Rabi,Clayey,7.5,Medium,24,1427,48,Telangana,August,May,130,Mildew,Biological Control,Compost,65,124,
Cotton,Maruti,Kharif,Loamy,5.7,Low,19,1297,45,Punjab,October,May,170,Rust,Biological Control,Compost,44,110,
Cowpea,JG 11,Kharif,Alluvial,7.4,Medium,35,1171,90,Madhya Pradesh,August,June,170,Bacterial Blight,Crop Rotation,Potash,46,147,
Cowpea,Varuna,Annual,Sandy Loam,6,Low,21,978,50,Andhra Pradesh,June,January,106,Mildew,Neem Oil Spray,Compost,113,90,
Cowpea,RCH2 Bt,Rabi,Black Soil,5.7,Medium,22,1635,52,Kerala,August,January,162,Rust,Biological Control,DAP,50,35,
Cowpea,DPL 62,Zaid,Loamy,5.7,High,37,1005,64,Haryana,September,May,114,Mildew,Crop Rotation,NPK,117,13,
Cowpea,PBW 343,Annual,Sandy Loam,7.8,Medium,34,369,59,Gujarat,November,February,70,Leaf Spot,Integrated Pest Management,Compost,79,137,
Cowpea,Indaf 9,Rabi,Loamy,5.7,High,31,1257,48,Bihar,March,November,69,Bacterial Blight,Biological Control,Nitrogen,107,99,
Cowpea,Vivek QPM 9,Kharif,Clayey,6.9,Low,24,796,62,Maharashtra,May,June,94,Leaf Spot,Neem Oil Spray,Potash,55,124,
Cowpea,Bunny Bt,Kharif,Black Soil,6.1,High,32,812,41,Karnataka,September,April,124,Wilt,Chemical Pesticide,DAP,80,52,
Cowpea,ML 365,Zaid,Black Soil,7.7,Medium,33,1678,67,Bihar,March,September,147,Blight,Neem Oil Spray,Nitrogen,42,11,
Cowpea,NCS 145 Bt,Zaid,Loamy,7.7,Low,38,1022,73,Karnataka,March,April,198,Mildew,Chemical Pesticide,DAP,70,23,
Cucumber,GPU 28,Annual,Black Soil,6.1,Medium,31,1085,79,Tamil Nadu,May,August,123,Leaf Spot,Biological Control,NPK,60,80,
Cucumber,Co 0238,Kharif,Sandy Loam,6.1,Low,23,1521,68,Uttar Pradesh,May,October,130,Rust,Crop Rotation,Nitrogen,111,45,
Cucumber,Rohini,Zaid,Alluvial,6.5,Medium,37,1751,89,Kerala,January,January,134,Mildew,Biological Control,Compost,92,34,
Cucumber,CSV 20,Zaid,Loamy,5.6,Medium,22,749,48,Punjab,September,October,170,Leaf Spot,Biological Control,Compost,22,141,
Cucumber,T 13,Kharif,Black Soil,6.8,Low,30,1367,43,Karnataka,April,October,200,Wilt,Biological Control,DAP,59,96,
Cucumber,DPL 62,Annual,Sandy Loam,6.3,Low,35,2091,56,Tamil Nadu,April,April,74,Bacterial Blight,Integrated Pest Management,DAP,100,89,
Cucumber,ICPL 87119,Annual,Black Soil,6.3,Medium,32,1148,58,Rajasthan,October,December,114,Blight,Integrated Pest Management,Compost,28,115,
Cucumber,Co 0118,Kharif,Black Soil,6.6,High,22,1104,65,Punjab,March,January,87,Blight,Neem Oil Spray,Compost,68,88,
Cucumber,Maruti,Kharif,Black Soil,5.9,Medium,38,834,86,Uttar Pradesh,June,January,162,Mildew,Neem Oil Spray,Compost,104,26,
Cucumber,MACS 450,Kharif,Clayey,7,Medium,35,1706,45,Haryana,March,December,120,Bacterial Blight,Integrated Pest Management,Nitrogen,75,81,
Cumin,Arka Anamika,Rabi,Sandy Loam,7.1,Low,30,487,78,Maharashtra,January,September,180,Rust,Chemical Pesticide,NPK,101,12,
Cumin,WH 1105,Annual,Sandy Loam,6.7,Medium,36,1690,89,Andhra Pradesh,September,October,196,Mildew,Biological Control,NPK,28,43,
Cumin,Pusa Vishal,Kharif,Clayey,6,Low,30,1750,81,Madhya Pradesh,August,July,72,Rust,Chemical Pesticide,Potash,51,53,
Cumin,RHB 121,Kharif,Sandy Loam,6.2,Medium,30,1306,51,Punjab,September,December,71,Leaf Spot,Crop Rotation,NPK,81,127,
Cumin,Kadiri 6,Annual,Loamy,6.6,Medium,35,1433,72,Bihar,July,May,150,Leaf Spot,Chemical Pesticide,Nitrogen,116,141,
Cumin,PU 31,Kharif,Loamy,7.2,High,25,1582,85,Madhya Pradesh,March,June,69,Leaf Spot,Neem Oil Spray,Nitrogen,35,38,
Cumin,NCS 145 Bt,Rabi,Black Soil,7.7,Low,30,1506,74,Telangana,February,January,153,Bacterial Blight,Neem Oil Spray,Compost,92,66,
Cumin,Pusa Kranti,Rabi,Loamy,7.3,Low,33,343,75,Madhya Pradesh,September,April,195,Mildew,Crop Rotation,Nitrogen,43,149,
Cumin,GG 20,Rabi,Alluvial,7.6,Low,35,1742,86,Haryana,January,April,107,Wilt,Biological Control,NPK,65,16,
Cumin,JG 11,Zaid,Clayey,7.4,Low,18,1925,69,Odisha,August,July,82,Mildew,Neem Oil Spray,Compost,40,38,
Drumstick,Pusa Basmati 1121,Annual,Sandy Loam,6.1,Medium,26,1495,51,Tamil Nadu,August,May,156,Bacterial Blight,Integrated Pest Management,DAP,63,25,
Drumstick,Kufri Chipsona 1,Rabi,Alluvial,7.5,Low,20,1386,71,Bihar,April,January,65,Rust,Crop Rotation,Nitrogen,118,131,
Drumstick,HHB 67,Annual,Clayey,6,Low,26,419,55,Odisha,July,February,187,Blight,Chemical Pesticide,Potash,22,141,
Drumstick,RD 2552,Kharif,Loamy,7.4,High,38,666,88,Tamil Nadu,November,August,136,Mildew,Chemical Pesticide,NPK,93,93,
Drumstick,Pusa Purple Long,Rabi,Clayey,5.6,Medium,22,1288,52,Maharashtra,October,January,154,Bacterial Blight,Crop Rotation,NPK,115,68,
Drumstick,ADT 43,Zaid,Sandy Loam,6.1,Medium,26,1456,71,Odisha,May,April,64,Wilt,Biological Control,Compost,104,135,
Drumstick,WH 1105,Kharif,Black Soil,5.7,Medium,34,488,63,Kerala,April,April,124,Mildew,Biological Control,NPK,102,88,
Drumstick,Arka Anamika,Annual,Black Soil,7.1,Low,23,1476,85,Karnataka,April,August,77,Blight,Neem Oil Spray,Potash,58,117,
Drumstick,TAG 24,Kharif,Black Soil,7.2,Low,25,1434,50,Kerala,September,January,138,Wilt,Integrated Pest Management,NPK,56,26,
Drumstick,Deccan 103,Kharif,Black Soil,6.9,Medium,30,1372,50,Gujarat,February,October,146,Rust,Biological Control,Nitrogen,54,74,
Fennel,Arka Shirish,Zaid,Loamy,7.2,Low,29,744,41,Bihar,April,May,168,Mildew,Chemical Pesticide,Nitrogen,21,93,
Fennel,HQPM 1,Annual,Clayey,6.5,Medium,36,717,59,Madhya Pradesh,August,February,91,Wilt,Neem Oil Spray,Potash,39,97,
Fennel,Pusa Purple Long,Zaid,Clayey,7.6,Low,28,589,65,Andhra Pradesh,November,March,171,Rust,Neem Oil Spray,Potash,27,76,
Fennel,Varuna,Annual,Black Soil,7.3,Medium,35,885,68,Bihar,February,September,64,Wilt,Integrated Pest Management,Compost,23,18,
Fennel,HHB 67,Zaid,Clayey,6,Low,18,1483,83,Madhya Pradesh,June,July,145,Leaf Spot,Neem Oil Spray,Compost,60,103,
Fennel,Kadiri 6,Kharif,Black Soil,5.5,High,27,1336,45,Tamil Nadu,February,March,161,Wilt,Neem Oil Spray,DAP,55,45,
Fennel,PDM 139,Annual,Loamy,6.4,High,30,961,49,Bihar,July,August,92,Leaf Spot,Integrated Pest Management,DAP,110,70,
Fennel,Pant Shubhra,Annual,Loamy,5.7,Low,18,1294,87,Gujarat,December,February,152,Bacterial Blight,Biological Control,DAP,87,101,
Fennel,JS 335,Annual,Black Soil,6.7,Medium,28,1559,69,Bihar,November,March,87,Mildew,Biological Control,DAP,73,19,
Fennel,JG 14,Annual,Sandy Loam,6.5,High,23,1897,73,Rajasthan,June,May,175,Bacterial Blight,Neem Oil Spray,DAP,99,99,
Fenugreek,Co 0118,Rabi,Alluvial,6.9,Medium,32,1968,73,Odisha,September,April,185,Rust,Integrated Pest Management,Potash,111,11,
Fenugreek,Arka Rakshak,Rabi,Alluvial,6.1,Medium,21,997,80,Bihar,July,November,151,Bacterial Blight,Crop Rotation,Compost,52,100,
Fenugreek,GPU 28,Kharif,Black Soil,7.7,Low,23,1813,62,Odisha,September,July,84,Rust,Biological Control,DAP,99,79,
Fenugreek,PL 639,Annual,Black Soil,6.9,High,35,1825,74,Karnataka,December,December,101,Blight,Biological Control,NPK,82,140,
Fenugreek,Deccan 103,Rabi,Alluvial,6.4,Medium,18,1958,54,Karnataka,June,March,85,Bacterial Blight,Chemical Pesticide,Potash,73,73,
Fenugreek,Kufri Pukhraj,Rabi,Clayey,7.7,Low,29,1731,56,Andhra Pradesh,December,December,200,Leaf Spot,Neem Oil Spray,DAP,48,119,
Fenugreek,Agrifound Light Red,Rabi,Alluvial,6.1,High,21,1580,81,Telangana,July,July,102,Wilt,Integrated Pest Management,NPK,50,135,
Fenugreek,Vivek QPM 9,Kharif,Alluvial,7.4,Low,27,1166,66,West Bengal,January,May,133,Bacterial Blight,Chemical Pesticide,DAP,45,124,
Fenugreek,ADT 43,Kharif,Clayey,6.3,Medium,21,1605,89,Punjab,September,January,84,Mildew,Chemical Pesticide,NPK,66,88,
Fenugreek,CSH 14,Annual,Sandy Loam,7.3,Medium,35,1862,70,Uttar Pradesh,March,January,200,Blight,Biological Control,NPK,55,55,
Field Pea,Arka Nidhi,Annual,Alluvial,7.1,High,22,1387,60,Andhra Pradesh,August,April,82,Wilt,Neem Oil Spray,DAP,54,27,
Field Pea,RHB 121,Rabi,Black Soil,6.7,Medium,26,1947,53,Karnataka,September,May,60,Leaf Spot,Chemical Pesticide,DAP,111,21,
Field Pea,ICTP 8203,Kharif,Black Soil,6.5,Medium,29,1713,42,Karnataka,August,July,97,Wilt,Chemical Pesticide,Nitrogen,45,126,
Field Pea,Pusa Kesar,Kharif,Black Soil,7.1,High,38,1325,68,Rajasthan,April,April,94,Wilt,Chemical Pesticide,NPK,66,89,
Field Pea,Arka Vikas,Kharif,Black Soil,5.6,High,23,646,49,Bihar,April,May,199,Leaf Spot,Neem Oil Spray,NPK,26,116,
Field Pea,KBSH 41,Zaid,Loamy,5.7,Low,19,1059,79,Madhya Pradesh,September,September,167,Bacterial Blight,Neem Oil Spray,NPK,79,51,
Field Pea,Pusa Drumhead,Annual,Alluvial,7.7,Medium,34,1610,43,Tamil Nadu,November,July,156,Mildew,Crop Rotation,Nitrogen,67,124,
Field Pea,Arka Shirish,Zaid,Clayey,6.5,Medium,24,2176,88,Madhya Pradesh,March,August,72,Leaf Spot,Biological Control,DAP,63,64,
Field Pea,Lok 1,Zaid,Sandy Loam,6,High,28,1293,74,Karnataka,March,June,94,Rust,Neem Oil Spray,Compost,71,110,
Field Pea,TAG 24,Annual,Sandy Loam,6.2,High,18,706,80,Karnataka,April,January,65,Bacterial Blight,Biological Control,Compost,42,60,
Finger Millet,Agrifound Light Red,Zaid,Loamy,5.9,Low,18,2082,85,Haryana,March,October,194,Blight,Crop Rotation,DAP,25,12,
Finger Millet,CSV 15,Zaid,Sandy Loam,7.3,Low,25,999,80,Haryana,July,February,162,Leaf Spot,Neem Oil Spray,NPK,57,121,
Finger Millet,JG 14,Kharif,Clayey,5.8,High,18,1492,65,Karnataka,September,June,70,Mildew,Chemical Pesticide,DAP,52,103,
Finger Millet,Co 86032,Annual,Alluvial,6.3,Low,34,480,78,Punjab,October,September,83,Rust,Integrated Pest Management,DAP,117,117,
Finger Millet,HQPM 1,Annual,Sandy Loam,6,High,27,1792,54,Maharashtra,May,September,105,Mildew,Chemical Pesticide,Nitrogen,46,120,
Finger Millet,PL 406,Kharif,Clayey,6.2,Medium,28,1604,75,Haryana,November,March,169,Blight,Neem Oil Spray,DAP,101,114,
Finger Millet,JS 95-60,Kharif,Alluvial,6.4,Low,23,310,60,Tamil Nadu,December,May,149,Wilt,Crop Rotation,Compost,21,14,
Finger Millet,Pusa Masoor 5,Kharif,Clayey,6.6,High,25,1373,78,Andhra Pradesh,September,August,109,Rust,Chemical Pesticide,Potash,81,88,
Finger Millet,Varuna,Rabi,Loamy,7.5,Medium,26,1903,71,Tamil Nadu,July,July,181,Mildew,Crop Rotation,NPK,36,41,
Finger Millet,Pusa Purple Long,Zaid,Black Soil,6.4,Low,32,622,76,Uttar Pradesh,July,August,83,Mildew,Neem Oil Spray,NPK,70,79,
Foxtail Millet,Pusa Vishal,Annual,Loamy,6.2,High,35,1711,62,Madhya Pradesh,February,May,70,Rust,Integrated Pest Management,NPK,65,148,
Foxtail Millet,PDM 139,Annual,Alluvial,7.2,High,36,927,65,Uttar Pradesh,March,June,139,Blight,Chemical Pesticide,NPK,84,70,
Foxtail Millet,Pusa Chetki,Kharif,Sandy Loam,7.7,Medium,23,628,56,Karnataka,December,April,186,Rust,Neem Oil Spray,NPK,116,33,
Foxtail Millet,DHM 117,Kharif,Sandy Loam,6.4,High,20,456,45,Rajasthan,September,April,100,Blight,Crop Rotation,DAP,54,11,
Foxtail Millet,TAG 24,Rabi,Black Soil,7.1,Low,23,732,76,Karnataka,December,March,79,Mildew,Chemical Pesticide,NPK,107,128,
Foxtail Millet,RCH2 Bt,Annual,Sandy Loam,7.1,Low,18,341,41,West Bengal,November,June,72,Bacterial Blight,Chemical Pesticide,NPK,79,144,
Foxtail Millet,Co 86032,Rabi,Alluvial,7.2,Low,32,1345,62,Uttar Pradesh,April,August,84,Rust,Crop Rotation,NPK,98,72,
Foxtail Millet,JS 95-60,Zaid,Black Soil,5.6,High,29,2000,73,Tamil Nadu,August,April,137,Wilt,Crop Rotation,Nitrogen,101,73,
Foxtail Millet,DPL 62,Rabi,Alluvial,5.7,Medium,33,1568,83,West Bengal,August,July,142,Wilt,Integrated Pest Management,Potash,95,92,
Foxtail Millet,Pusa Snowball,Zaid,Loamy,6.2,Medium,34,1119,50,Uttar Pradesh,March,August,68,Rust,Neem Oil Spray,NPK,76,119,
Garlic,HHB 67,Rabi,Alluvial,6.6,Medium,24,1218,66,Karnataka,July,June,83,Leaf Spot,Neem Oil Spray,Nitrogen,22,97,
Garlic,TMV 7,Rabi,Alluvial,7.8,High,22,1843,71,Gujarat,January,April,156,Leaf Spot,Chemical Pesticide,Compost,112,89,
Garlic,Arka Rakshak,Rabi,Black Soil,6.5,High,19,1241,86,Bihar,March,August,98,Leaf Spot,Biological Control,NPK,110,51,
Garlic,IR36,Kharif,Loamy,7.2,Low,35,475,68,Tamil Nadu,July,February,140,Wilt,Integrated Pest Management,NPK,63,69,
Garlic,Nantes,Annual,Sandy Loam,6.6,Low,26,1331,64,Rajasthan,April,October,163,Leaf Spot,Chemical Pesticide,Compost,50,45,
Garlic,Samrat,Zaid,Black Soil,7.3,Medium,37,503,67,Telangana,April,August,117,Rust,Neem Oil Spray,Nitrogen,50,87,
Garlic,Pusa Bold,Zaid,Sandy Loam,7.4,High,21,1798,42,Odisha,January,May,62,Bacterial Blight,Neem Oil Spray,Potash,116,130,
Garlic,Kalyan Sona,Annual,Sandy Loam,7.4,Medium,26,734,78,Bihar,November,November,84,Rust,Integrated Pest Management,DAP,46,98,
Garlic,Asha,Annual,Loamy,6.6,Low,21,1815,62,Haryana,December,September,62,Mildew,Biological Control,NPK,24,70,
Garlic,Pusa 256,Annual,Clayey,6.9,Medium,26,1465,65,Rajasthan,August,March,119,Wilt,Integrated Pest Management,Compost,78,74,
Ginger,Bhima Super,Rabi,Black Soil,7.2,Medium,33,1628,61,Tamil Nadu,April,September,111,Leaf Spot,Biological Control,Nitrogen,107,97,
Ginger,Bunny Bt,Annual,Sandy Loam,6.1,High,36,1959,87,Rajasthan,March,November,190,Bacterial Blight,Chemical Pesticide,Potash,42,67,
Ginger,Pusa Purple Long,Zaid,Alluvial,7.6,High,30,1618,87,Andhra Pradesh,March,October,76,Wilt,Biological Control,Compost,74,36,
Ginger,Rohini,Annual,Black Soil,7.7,High,27,1945,59,Punjab,June,August,183,Blight,Biological Control,Potash,89,124,
Ginger,JG 14,Annual,Black Soil,7.2,Low,34,1849,61,Punjab,May,November,124,Rust,Neem Oil Spray,DAP,62,96,
Ginger,Pusa Basmati 1121,Kharif,Clayey,6,Low,35,1473,87,Haryana,October,May,197,Leaf Spot,Neem Oil Spray,NPK,29,43,
Ginger,Lok 1,Zaid,Clayey,5.9,Low,25,1606,80,Bihar,January,January,170,Wilt,Biological Control,NPK,114,32,
Ginger,Agrifound Light Red,Rabi,Loamy,7.6,Low,35,2041,41,Rajasthan,March,April,119,Rust,Crop Rotation,Nitrogen,100,32,
Ginger,Arka Rakshak,Kharif,Loamy,6.7,Low,21,1542,63,Uttar Pradesh,April,July,131,Leaf Spot,Integrated Pest Management,DAP,78,77,
Ginger,DHM 117,Zaid,Clayey,7.4,High,33,1468,63,Haryana,June,October,137,Mildew,Integrated Pest Management,DAP,113,58,
Grapes,Swarna,Kharif,Loamy,6.8,Medium,29,405,74,Maharashtra,August,March,95,Leaf Spot,Integrated Pest Management,NPK,61,76,
Grapes,NRC 37,Zaid,Loamy,6.8,Low,37,303,45,Telangana,May,May,64,Blight,Integrated Pest Management,NPK,88,101,
Grapes,Asha,Annual,Alluvial,6.2,High,32,1427,84,West Bengal,October,October,130,Wilt,Biological Control,Nitrogen,51,46,
Grapes,DHM 117,Zaid,Loamy,6.1,Low,19,406,43,Karnataka,December,July,129,Bacterial Blight,Biological Control,DAP,118,125,
Grapes,ADT 43,Annual,Clayey,7.7,Medium,18,1339,62,Madhya Pradesh,January,July,125,Bacterial Blight,Chemical Pesticide,Compost,24,29,
Grapes,MTU1010,Annual,Sandy Loam,6.8,Medium,24,732,83,Karnataka,February,March,180,Wilt,Integrated Pest Management,Nitrogen,68,104,
Grapes,Samba Mahsuri,Annual,Alluvial,6.6,Low,26,602,40,West Bengal,July,February,101,Bacterial Blight,Neem Oil Spray,Potash,62,53,
Grapes,KBSH 1,Annual,Black Soil,5.9,High,18,1277,68,Telangana,June,July,102,Wilt,Integrated Pest Management,DAP,47,50,
Grapes,Pusa Chetki,Zaid,Alluvial,6,Low,37,996,89,Tamil Nadu,August,September,200,Bacterial Blight,Chemical Pesticide,Nitrogen,115,132,
Grapes,CSH 14,Rabi,Alluvial,6,High,18,817,44,Rajasthan,November,October,105,Wilt,Neem Oil Spray,NPK,110,16,
Green Gram,Co 86032,Annual,Black Soil,6.2,High,26,851,89,Tamil Nadu,September,February,176,Blight,Chemical Pesticide,NPK,37,115,
Green Gram,JL 24,Zaid,Sandy Loam,5.8,High,37,1401,56,Karnataka,October,November,193,Leaf Spot,Biological Control,Compost,51,109,
Green Gram,Deccan 103,Kharif,Loamy,6.4,High,33,449,47,Punjab,June,September,73,Wilt,Integrated Pest Management,DAP,101,40,
Green Gram,Kufri Jyoti,Zaid,Loamy,6.1,Low,38,1513,88,Kerala,September,July,76,Mildew,Chemical Pesticide,NPK,69,135,
Green Gram,Maruti,Rabi,Alluvial,7.7,Low,19,1633,88,Punjab,June,March,153,Mildew,Neem Oil Spray,Compost,60,147,
Green Gram,Pant U 19,Rabi,Clayey,7.2,Medium,29,1947,90,Karnataka,May,May,146,Rust,Chemical Pesticide,DAP,77,120,
Green Gram,DHM 117,Annual,Loamy,6.6,Medium,25,1391,48,Gujarat,October,July,63,Mildew,Chemical Pesticide,Potash,57,11,
Green Gram,Kufri Chipsona 1,Rabi,Loamy,7.2,High,31,1518,64,Kerala,January,December,178,Rust,Chemical Pesticide,Potash,71,17,
Green Gram,Mallika Bt,Zaid,Sandy Loam,6.1,Medium,34,1737,74,Maharashtra,May,May,175,Rust,Chemical Pesticide,DAP,83,100,
Green Gram,PBW 343,Zaid,Sandy Loam,7.6,High,20,1130,72,Punjab,January,December,137,Rust,Integrated Pest Management,Potash,120,89,
Groundnut,Pusa Ruby,Zaid,Alluvial,6.2,Medium,26,1300,48,Bihar,January,September,164,Wilt,Neem Oil Spray,Compost,103,75,
Groundnut,Pusa 256,Kharif,Clayey,5.6,High,32,1490,88,Telangana,November,December,127,Leaf Spot,Chemical Pesticide,NPK,69,97,
Groundnut,MTU1010,Rabi,Sandy Loam,7.6,Low,21,565,90,Punjab,August,October,129,Bacterial Blight,Crop Rotation,Compost,117,50,
Groundnut,CSV 15,Annual,Loamy,7.5,Medium,35,2077,73,Bihar,January,November,108,Leaf Spot,Crop Rotation,Nitrogen,53,41,
Groundnut,Co 86032,Annual,Black Soil,7.5,Medium,29,877,60,Bihar,December,June,92,Mildew,Neem Oil Spray,Compost,23,126,
Groundnut,Kufri Jyoti,Kharif,Loamy,6.2,Medium,32,511,89,West Bengal,May,October,77,Bacterial Blight,Neem Oil Spray,Potash,41,133,
Groundnut,TC 25,Zaid,Sandy Loam,6.9,Medium,25,899,47,Odisha,April,August,69,Rust,Chemical Pesticide,NPK,24,139,
Groundnut,Pusa Masoor 5,Kharif,Loamy,6.8,Low,18,969,41,Uttar Pradesh,November,March,193,Wilt,Biological Control,Compost,57,143,
Groundnut,KBSH 1,Kharif,Alluvial,6.3,Medium,33,1155,68,Uttar Pradesh,August,June,198,Mildew,Neem Oil Spray,Potash,117,14,
Groundnut,Samrat,Rabi,Black Soil,5.5,Medium,20,1043,76,West Bengal,July,May,196,Leaf Spot,Chemical Pesticide,Potash,24,102,
Guava,Co 99004,Rabi,Loamy,7.8,High,23,2153,51,Tamil Nadu,April,August,75,Bacterial Blight,Chemical Pesticide,DAP,100,119,
Guava,Kufri Pukhraj,Annual,Clayey,6.3,Low,20,2159,48,Gujarat,June,April,144,Rust,Integrated Pest Management,Potash,26,38,
Guava,DBW 17,Rabi,Sandy Loam,6.6,Low,27,457,68,Karnataka,November,June,176,Bacterial Blight,Biological Control,Potash,73,75,
Guava,DHM 117,Annual,Clayey,6.6,Medium,26,1891,68,West Bengal,October,May,122,Wilt,Biological Control,DAP,48,140,
Guava,RHB 121,Zaid,Alluvial,7,High,24,1495,53,Bihar,May,September,140,Leaf Spot,Neem Oil Spray,DAP,66,136,
Guava,Bhima Super,Zaid,Clayey,7.8,Low,28,652,70,Punjab,February,December,198,Rust,Chemical Pesticide,Compost,57,128,
Guava,Arka Nidhi,Rabi,Alluvial,6.1,Low,20,676,76,Andhra Pradesh,March,March,124,Rust,Neem Oil Spray,Nitrogen,79,125,
Guava,PL 639,Rabi,Loamy,7,High,27,1914,53,Maharashtra,January,July,107,Mildew,Crop Rotation,Compost,55,34,
Guava,TMV 7,Zaid,Alluvial,7.1,High,38,1127,51,Andhra Pradesh,February,May,134,Bacterial Blight,Crop Rotation,Potash,42,40,
Guava,Samrat,Rabi,Sandy Loam,5.9,Low,38,484,69,Kerala,May,July,162,Mildew,Neem Oil Spray,Compost,85,13,
Horse Gram,Vijay,Annual,Sandy Loam,6.8,Medium,19,789,50,West Bengal,February,November,106,Bacterial Blight,Crop Rotation,Compost,59,66,
Horse Gram,Agrifound Light Red,Annual,Loamy,7.2,High,23,1571,84,Kerala,May,August,188,Wilt,Neem Oil Spray,Nitrogen,52,134,
Horse Gram,Kufri Jyoti,Annual,Clayey,5.9,Low,34,1869,72,Maharashtra,April,May,77,Blight,Chemical Pesticide,Nitrogen,51,96,
Horse Gram,Vivek QPM 9,Kharif,Clayey,6,Medium,35,496,59,Tamil Nadu,May,April,180,Blight,Integrated Pest Management,Compost,49,71,
Horse Gram,Pant Shubhra,Zaid,Sandy Loam,6.1,Medium,20,1424,46,Andhra Pradesh,December,September,111,Bacterial Blight,Biological Control,Potash,68,90,
Horse Gram,Co 99004,Annual,Sandy Loam,7.2,High,18,489,52,Tamil Nadu,June,October,155,Mildew,Neem Oil Spray,Nitrogen,25,47,
Horse Gram,TMV 7,Rabi,Alluvial,5.8,Low,20,1963,90,West Bengal,September,May,156,Leaf Spot,Crop Rotation,Potash,82,35,
Horse Gram,Nantes,Kharif,Sandy Loam,7.2,High,20,1185,46,Odisha,November,June,181,Mildew,Chemical Pesticide,DAP,68,89,
Horse Gram,Arka Vikas,Kharif,Black Soil,5.7,High,32,1100,80,Odisha,July,April,143,Mildew,Chemical Pesticide,Compost,82,88,
Horse Gram,Lok 1,Zaid,Loamy,6,High,33,1119,65,Karnataka,August,May,65,Bacterial Blight,Integrated Pest Management,Nitrogen,94,20,
Jute,Pusa 256,Rabi,Loamy,7.7,Low,19,1244,58,Haryana,May,January,189,Leaf Spot,Chemical Pesticide,Nitrogen,120,92,
Jute,Kufri Pukhraj,Annual,Black Soil,6.3,High,18,1289,85,Odisha,March,November,183,Bacterial Blight,Chemical Pesticide,Compost,99,49,
Jute,Pusa Bold,Zaid,Sandy Loam,6.9,High,29,375,84,Andhra Pradesh,November,March,169,Blight,Integrated Pest Management,Nitrogen,60,94,
Jute,Agrifound Light Red,Annual,Alluvial,5.7,High,32,423,57,Haryana,July,August,136,Wilt,Chemical Pesticide,DAP,71,90,
Jute,MTU1010,Rabi,Sandy Loam,7.3,Low,34,1460,50,Odisha,June,May,97,Mildew,Biological Control,Compost,71,78,
Jute,RHB 121,Rabi,Alluvial,7.2,Medium,21,1966,53,Andhra Pradesh,October,September,200,Blight,Crop Rotation,NPK,36,112,
Jute,Co 0238,Kharif,Black Soil,6.4,Low,22,2187,47,Kerala,March,November,88,Bacterial Blight,Integrated Pest Management,NPK,97,45,
Jute,TAG 24,Rabi,Loamy,6.8,Low,28,918,49,Andhra Pradesh,August,October,195,Blight,Crop Rotation,Nitrogen,76,70,
Jute,PDM 139,Rabi,Black Soil,6.5,Medium,28,1496,64,Haryana,August,July,155,Blight,Integrated Pest Management,NPK,45,96,
Jute,NCS 145 Bt,Annual,Clayey,5.7,Medium,27,2176,70,Telangana,November,June,103,Blight,Chemical Pesticide,Potash,54,28,
Kiwi,Japanese White,Rabi,Clayey,6.2,Low,25,1219,64,Punjab,October,December,159,Rust,Neem Oil Spray,Nitrogen,66,75,
Kiwi,PL 406,Kharif,Sandy Loam,6.6,Medium,20,1795,42,Kerala,December,December,134,Bacterial Blight,Biological Control,DAP,47,128,
Kiwi,Samba Mahsuri,Zaid,Clayey,6.6,Medium,23,1485,61,Maharashtra,January,February,107,Blight,Crop Rotation,NPK,52,32,
Kiwi,CO 2,Zaid,Clayey,6.9,Medium,27,1940,83,Punjab,March,April,98,Wilt,Biological Control,Nitrogen,25,30,
Kiwi,Ganga 5,Annual,Alluvial,6.2,High,24,1235,40,Rajasthan,March,May,184,Wilt,Integrated Pest Management,Compost,112,44,
Kiwi,Morden,Kharif,Alluvial,7.1,Low,20,1354,40,Tamil Nadu,December,December,61,Rust,Integrated Pest Management,DAP,20,12,
Kiwi,GPU 28,Kharif,Alluvial,7.5,Low,24,687,75,Maharashtra,December,August,93,Bacterial Blight,Neem Oil Spray,Potash,61,22,
Kiwi,Co 0118,Zaid,Sandy Loam,6,Medium,31,1871,81,Telangana,June,May,99,Mildew,Chemical Pesticide,Potash,83,32,
Kiwi,Bunny Bt,Zaid,Clayey,7.5,Low,33,404,64,Karnataka,March,December,138,Mildew,Neem Oil Spray,Compost,100,102,
Kiwi,ADT 43,Kharif,Black Soil,6.2,High,33,1155,48,Telangana,September,February,191,Wilt,Chemical Pesticide,DAP,88,105,
Lathyrus,Agrifound Light Red,Annual,Black Soil,7.3,Medium,30,1786,75,Tamil Nadu,December,September,182,Wilt,Biological Control,Compost,108,149,
Lathyrus,MACS 450,Zaid,Black Soil,6.2,High,20,429,64,Karnataka,July,April,186,Bacterial Blight,Crop Rotation,Potash,97,92,
Lathyrus,JG 14,Zaid,Clayey,5.6,Medium,34,592,75,Andhra Pradesh,February,November,136,Leaf Spot,Chemical Pesticide,Compost,39,61,
Lathyrus,PL 639,Kharif,Clayey,7.1,High,37,602,74,Telangana,February,March,85,Rust,Biological Control,Nitrogen,35,58,
Lathyrus,Arka Shirish,Kharif,Loamy,5.9,Medium,24,1535,66,Kerala,October,May,120,Rust,Neem Oil Spray,NPK,46,116,
Lathyrus,RD 2035,Zaid,Clayey,7.1,High,28,937,67,Bihar,June,August,130,Rust,Crop Rotation,DAP,52,109,
Lathyrus,Pratap Makka 5,Rabi,Sandy Loam,7.8,Medium,25,520,52,Kerala,July,July,75,Wilt,Biological Control,Nitrogen,44,18,
Lathyrus,KBSH 41,Rabi,Black Soil,5.6,Medium,32,2031,90,Andhra Pradesh,April,June,200,Leaf Spot,Neem Oil Spray,Compost,25,75,
Lathyrus,RD 2668,Rabi,Sandy Loam,6.5,Low,30,807,44,Tamil Nadu,June,November,82,Leaf Spot,Biological Control,Compost,109,58,
Lathyrus,PL 406,Zaid,Sandy Loam,7.1,High,26,2113,63,Bihar,February,April,95,Wilt,Integrated Pest Management,Nitrogen,71,24,
Lemongrass,Indaf 9,Rabi,Alluvial,6.1,Low,37,591,85,Uttar Pradesh,June,January,118,Leaf Spot,Biological Control,DAP,115,61,
Lemongrass,Pusa Basmati 1121,Rabi,Black Soil,7.7,High,38,977,56,Punjab,December,July,149,Rust,Biological Control,Nitrogen,37,107,
Lemongrass,Pusa Ruby,Kharif,Black Soil,6.8,Medium,35,518,63,Kerala,August,September,135,Rust,Neem Oil Spray,DAP,39,142,
Lemongrass,ML 365,Kharif,Black Soil,7.4,Medium,32,2162,54,Karnataka,January,October,70,Leaf Spot,Integrated Pest Management,NPK,114,49,
Lemongrass,Pusa Rohini,Zaid,Black Soil,6.3,Low,30,301,89,Bihar,April,August,105,Rust,Integrated Pest Management,Potash,92,119,
Lemongrass,Kalyan Sona,Rabi,Black Soil,6.9,High,26,1907,59,Haryana,October,February,86,Rust,Integrated Pest Management,Nitrogen,69,71,
Lemongrass,Pusa Vishal,Annual,Black Soil,7,Medium,27,1614,66,Madhya Pradesh,August,July,116,Rust,Biological Control,Nitrogen,111,99,
Lemongrass,Co 86032,Kharif,Clayey,7.3,Low,22,2174,41,Maharashtra,January,February,145,Blight,Neem Oil Spray,DAP,54,108,
Lemongrass,Kufri Pukhraj,Zaid,Alluvial,6.5,Medium,37,1503,61,Uttar Pradesh,October,January,125,Mildew,Chemical Pesticide,Nitrogen,62,59,
Lemongrass,Arka Anamika,Rabi,Sandy Loam,6.5,Medium,34,777,40,Gujarat,August,February,105,Wilt,Neem Oil Spray,Potash,20,91,
Lentil,CSH 14,Zaid,Alluvial,6,Low,34,682,86,Punjab,September,September,94,Wilt,Biological Control,DAP,46,30,
Lentil,IR64,Kharif,Loamy,5.5,High,33,1895,86,West Bengal,August,March,104,Leaf Spot,Neem Oil Spray,Potash,44,10,
Lentil,Asha,Rabi,Alluvial,6.8,Low,23,405,54,Maharashtra,August,June,193,Mildew,Biological Control,Potash,88,70,
Lentil,Nantes,Rabi,Sandy Loam,7,High,33,1445,44,Telangana,March,August,151,Wilt,Crop Rotation,Compost,23,63,
Lentil,Samba Mahsuri,Kharif,Loamy,6.4,High,27,1163,67,Rajasthan,September,March,105,Rust,Biological Control,NPK,60,92,
Lentil,IR36,Kharif,Black Soil,5.9,High,34,366,76,Punjab,March,August,193,Leaf Spot,Integrated Pest Management,Nitrogen,57,110,
Lentil,Co 0118,Rabi,Alluvial,6,High,21,2160,41,Karnataka,July,May,142,Bacterial Blight,Biological Control,DAP,72,86,
Lentil,Pusa Chetki,Annual,Alluvial,5.9,Low,35,1848,50,Tamil Nadu,May,December,90,Rust,Crop Rotation,NPK,31,140,
Lentil,Pusa Rohini,Kharif,Sandy Loam,6.8,High,29,835,58,Maharashtra,December,January,74,Leaf Spot,Crop Rotation,Potash,95,115,
Lentil,Kufri Jyoti,Rabi,Sandy Loam,6.6,High,26,1258,40,Karnataka,December,September,96,Blight,Chemical Pesticide,NPK,37,103,
Linseed,RD 2552,Zaid,Black Soil,5.9,High,19,722,62,Tamil Nadu,March,May,199,Leaf Spot,Neem Oil Spray,Potash,94,106,
Linseed,Japanese White,Annual,Black Soil,6.1,Medium,23,1567,62,Karnataka,May,May,177,Rust,Crop Rotation,Potash,36,133,
Linseed,Co 86032,Kharif,Sandy Loam,6,Low,30,784,43,Gujarat,July,October,127,Blight,Biological Control,Compost,47,145,
Linseed,Pratap Makka 5,Zaid,Alluvial,6.1,Medium,21,940,80,Uttar Pradesh,May,March,113,Wilt,Chemical Pesticide,DAP,33,75,
Linseed,UPAS 120,Kharif,Loamy,6.1,Low,36,1661,59,Uttar Pradesh,January,January,80,Bacterial Blight,Neem Oil Spray,Potash,111,40,
Linseed,Deccan 103,Rabi,Black Soil,7.3,Medium,23,1801,66,Madhya Pradesh,August,November,200,Bacterial Blight,Chemical Pesticide,Compost,102,111,
Linseed,KBSH 1,Rabi,Loamy,6.4,Low,37,1649,56,Bihar,January,April,66,Mildew,Crop Rotation,DAP,86,104,
Linseed,Pusa Ruby,Zaid,Sandy Loam,6.3,Low,32,1039,84,West Bengal,October,July,63,Wilt,Chemical Pesticide,NPK,120,126,
Linseed,T9,Rabi,Clayey,6.7,Low,36,642,43,West Bengal,October,October,91,Wilt,Integrated Pest Management,Nitrogen,60,94,
Linseed,ADT 43,Annual,Loamy,7.4,Medium,32,1847,58,Madhya Pradesh,December,November,62,Wilt,Biological Control,Potash,84,29,
Litchi,DHM 117,Zaid,Clayey,7.1,High,20,1699,71,West Bengal,April,September,115,Rust,Neem Oil Spray,Potash,118,73,
Litchi,TMV 7,Annual,Sandy Loam,7.6,Medium,38,2029,51,Maharashtra,November,September,145,Mildew,Biological Control,NPK,115,60,
Litchi,Varsha Uphar,Rabi,Black Soil,5.6,High,28,792,85,Bihar,May,December,103,Wilt,Crop Rotation,Compost,34,39,
Litchi,Pusa Snowball,Rabi,Black Soil,6.4,Low,37,547,53,Odisha,November,May,116,Rust,Neem Oil Spray,DAP,65,83,
Litchi,Pant Shubhra,Rabi,Sandy Loam,5.9,High,36,1156,64,Tamil Nadu,February,July,110,Wilt,Crop Rotation,Nitrogen,49,69,
Litchi,MTU1010,Kharif,Clayey,7,High,34,1751,63,West Bengal,February,September,158,Bacterial Blight,Neem Oil Spray,Nitrogen,96,27,
Litchi,Rohini,Annual,Sandy Loam,7.3,High,27,2191,80,Uttar Pradesh,July,June,98,Leaf Spot,Integrated Pest Management,Nitrogen,34,39,
Litchi,Pusa Kranti,Kharif,Black Soil,6.1,High,37,602,53,Punjab,April,June,158,Blight,Biological Control,Potash,84,64,
Litchi,Pusa Bold,Annual,Alluvial,6.9,Low,37,901,68,Haryana,October,November,94,Bacterial Blight,Crop Rotation,NPK,28,45,
Litchi,DPL 62,Rabi,Loamy,7.6,Medium,36,2197,47,Bihar,July,September,192,Blight,Chemical Pesticide,Potash,32,85,
Little Millet,NRC 37,Kharif,Loamy,6.6,High,27,1876,42,Bihar,January,January,113,Wilt,Integrated Pest Management,DAP,74,66,
Little Millet,CSH 16,Annual,Clayey,5.9,Low,25,1251,76,Telangana,November,July,156,Leaf Spot,Biological Control,Potash,116,117,
Little Millet,Pusa 256,Kharif,Black Soil,6.1,Medium,25,658,43,Karnataka,February,May,178,Bacterial Blight,Crop Rotation,Potash,64,130,
Little Millet,Bhima Super,Rabi,Black Soil,7.3,Low,23,818,41,West Bengal,November,February,148,Rust,Biological Control,NPK,75,63,
Little Millet,GPU 28,Annual,Loamy,6.9,Medium,30,1861,71,West Bengal,January,November,115,Wilt,Neem Oil Spray,Potash,114,111,
Little Millet,Samba Mahsuri,Annual,Black Soil,6,High,32,1878,44,Tamil Nadu,November,October,87,Wilt,Crop Rotation,Nitrogen,40,91,
Little Millet,Arka Anamika,Kharif,Black Soil,7.6,Low,19,2081,86,Gujarat,July,June,186,Bacterial Blight,Integrated Pest Management,Nitrogen,26,91,
Little Millet,Co 0238,Annual,Loamy,7.4,Medium,27,2058,56,Maharashtra,October,February,126,Bacterial Blight,Biological Control,Compost,90,17,
Little Millet,Pusa Rohini,Rabi,Black Soil,7.1,Medium,38,2099,44,Uttar Pradesh,December,August,139,Wilt,Chemical Pesticide,Nitrogen,113,82,
Little Millet,Arka Shirish,Kharif,Loamy,7,Low,33,1039,53,Odisha,August,August,181,Mildew,Neem Oil Spray,Potash,60,148,
Maize,Kranti,Zaid,Black Soil,6.9,High,30,1615,79,Karnataka,May,June,146,Leaf Spot,Biological Control,Nitrogen,106,32,
Maize,Varsha Uphar,Rabi,Clayey,6.7,Medium,34,1687,53,Punjab,August,September,180,Rust,Crop Rotation,Compost,114,25,
Maize,ADT 43,Rabi,Sandy Loam,5.8,High,27,1459,73,Rajasthan,May,August,98,Bacterial Blight,Biological Control,Nitrogen,56,106,
Maize,RT 46,Annual,Alluvial,6.4,Low,21,1364,40,Uttar Pradesh,April,December,99,Wilt,Integrated Pest Management,Compost,90,140,
Maize,ICPL 87119,Annual,Sandy Loam,7.7,Medium,19,993,78,Kerala,July,October,120,Leaf Spot,Integrated Pest Management,Potash,61,144,
Maize,LBG 20,Rabi,Clayey,7.3,Medium,34,1840,65,Uttar Pradesh,July,July,65,Wilt,Crop Rotation,NPK,40,40,
Maize,JS 335,Annual,Loamy,6.1,Medium,31,779,71,Madhya Pradesh,February,November,135,Mildew,Crop Rotation,NPK,45,135,
Maize,Pusa Kesar,Zaid,Alluvial,7.7,Medium,21,315,50,Karnataka,February,April,157,Leaf Spot,Crop Rotation,NPK,117,131,
Maize,Arka Shirish,Annual,Black Soil,6,High,25,1641,61,Bihar,October,August,175,Wilt,Neem Oil Spray,NPK,60,149,
Maize,GPU 45,Annual,Loamy,7.4,High,32,1589,70,Tamil Nadu,April,February,81,Bacterial Blight,Integrated Pest Management,Potash,104,134,
Mango,RD 2552,Annual,Clayey,6.3,Low,25,573,55,Bihar,June,February,176,Bacterial Blight,Chemical Pesticide,Potash,108,14,
Mango,Co 0118,Zaid,Sandy Loam,5.6,High,26,792,64,Maharashtra,May,December,178,Rust,Crop Rotation,Nitrogen,61,127,
Mango,Arka Shirish,Annual,Sandy Loam,6.2,Low,25,401,75,Odisha,November,November,117,Bacterial Blight,Neem Oil Spray,DAP,120,90,
Mango,Kufri Jyoti,Annual,Alluvial,6.2,High,31,398,56,Maharashtra,April,October,65,Wilt,Biological Control,Nitrogen,39,110,
Mango,TAG 24,Zaid,Alluvial,7.1,Low,21,1239,69,Kerala,February,February,60,Bacterial Blight,Crop Rotation,NPK,90,107,
Mango,Maruti,Zaid,Alluvial,6,High,27,1502,48,Kerala,July,August,86,Wilt,Integrated Pest Management,DAP,65,59,
Mango,SML 668,Annual,Sandy Loam,5.8,Low,29,611,49,Kerala,May,March,115,Mildew,Biological Control,DAP,68,94,
Mango,Golden Acre,Rabi,Sandy Loam,6.4,Medium,24,330,44,Odisha,August,April,158,Blight,Biological Control,DAP,39,116,
Mango,ICTP 8203,Annual,Loamy,7.6,Low,33,990,64,Uttar Pradesh,November,September,178,Rust,Integrated Pest Management,Potash,57,79,
Mango,CSV 20,Rabi,Alluvial,7.3,High,18,521,41,West Bengal,June,June,198,Bacterial Blight,Chemical Pesticide,Potash,53,42,
Mint,SML 668,Rabi,Black Soil,5.6,Low,27,1009,64,Andhra Pradesh,January,September,178,Blight,Neem Oil Spray,Compost,118,56,
Mint,KBSH 41,Rabi,Sandy Loam,6.3,Low,37,819,60,West Bengal,July,April,177,Rust,Chemical Pesticide,Nitrogen,71,83,
Mint,PBW 343,Kharif,Loamy,6.8,Low,37,2018,66,Telangana,November,September,123,Blight,Biological Control,Compost,31,38,
Mint,N53,Rabi,Loamy,6.1,Low,20,1503,73,Gujarat,October,December,113,Leaf Spot,Neem Oil Spray,NPK,22,145,
Mint,Kadiri 6,Rabi,Sandy Loam,7.3,High,23,1035,70,Gujarat,September,November,106,Mildew,Crop Rotation,NPK,49,138,
Mint,PL 406,Annual,Sandy Loam,7.4,High,37,1262,40,Uttar Pradesh,May,February,167,Wilt,Neem Oil Spray,Compost,74,12,
Mint,DBW 17,Kharif,Alluvial,5.8,Low,24,2165,88,Rajasthan,April,February,126,Wilt,Crop Rotation,Potash,108,121,
Mint,RT 46,Zaid,Black Soil,7.4,High,34,378,72,Haryana,October,July,139,Blight,Chemical Pesticide,NPK,92,100,
Mint,Varuna,Annual,Black Soil,7.2,High,34,571,46,Gujarat,April,March,154,Blight,Chemical Pesticide,Nitrogen,79,13,
Mint,CSV 20,Annual,Black Soil,5.8,High,29,621,40,Bihar,March,August,80,Leaf Spot,Integrated Pest Management,DAP,56,120,
Moth Bean,JS 335,Kharif,Loamy,6.9,High,18,719,48,Telangana,October,February,163,Mildew,Integrated Pest Management,DAP,59,53,
Moth Bean,Maruti,Zaid,Sandy Loam,6.3,High,23,1866,73,Uttar Pradesh,November,November,131,Leaf Spot,Neem Oil Spray,DAP,117,47,
Moth Bean,Pant U 19,Annual,Loamy,7.4,High,36,1888,81,Maharashtra,February,January,71,Mildew,Integrated Pest Management,NPK,89,85,
Moth Bean,HD 3086,Annual,Clayey,5.9,High,23,1561,51,Bihar,January,May,157,Rust,Chemical Pesticide,Nitrogen,65,149,
Moth Bean,Kufri Pukhraj,Kharif,Clayey,7.4,Medium,18,1542,78,Gujarat,April,May,65,Mildew,Chemical Pesticide,NPK,106,58,
Moth Bean,Pusa Chetki,Rabi,Sandy Loam,6.2,Low,25,910,40,Madhya Pradesh,August,November,200,Leaf Spot,Chemical Pesticide,Nitrogen,35,43,
Moth Bean,Pusa Purple Long,Rabi,Alluvial,7.8,Low,19,1588,86,Andhra Pradesh,July,February,140,Mildew,Crop Rotation,NPK,92,100,
Moth Bean,Pant Shubhra,Zaid,Black Soil,7,Low,30,1534,48,Haryana,January,June,153,Rust,Crop Rotation,DAP,38,24,
Moth Bean,Kufri Chipsona 1,Rabi,Black Soil,5.6,Low,19,940,41,Andhra Pradesh,November,December,84,Rust,Chemical Pesticide,Compost,71,111,
Moth Bean,HHB 67,Annual,Sandy Loam,5.5,Medium,26,1065,81,West Bengal,December,September,195,Bacterial Blight,Chemical Pesticide,Potash,49,140,
Muskmelon,HQPM 1,Annual,Clayey,6,Low,29,1326,43,Gujarat,June,October,172,Mildew,Chemical Pesticide,Compost,79,54,
Muskmelon,Pratap Makka 5,Zaid,Alluvial,6.8,Medium,27,1841,88,Gujarat,October,March,200,Blight,Chemical Pesticide,Compost,120,102,
Muskmelon,Pusa 256,Zaid,Alluvial,6.3,High,18,2033,85,Maharashtra,July,July,80,Wilt,Neem Oil Spray,Compost,44,91,
Muskmelon,Pusa Vishal,Rabi,Loamy,5.8,High,32,1630,71,West Bengal,December,November,78,Wilt,Chemical Pesticide,Compost,36,71,
Muskmelon,Bhima Super,Annual,Alluvial,7.6,Low,23,1597,48,Punjab,August,March,189,Blight,Chemical Pesticide,Potash,45,39,
Muskmelon,Pusa Chetki,Rabi,Loamy,5.9,High,32,1596,40,West Bengal,August,August,106,Rust,Integrated Pest Management,NPK,55,10,
Muskmelon,MACS 450,Annual,Clayey,5.9,Medium,31,1618,82,Punjab,April,August,182,Rust,Biological Control,NPK,28,102,
Muskmelon,IR36,Kharif,Black Soil,6.2,High,35,759,67,Karnataka,July,December,127,Leaf Spot,Neem Oil Spray,Nitrogen,43,41,
Muskmelon,Vivek QPM 9,Zaid,Clayey,7.3,Low,20,1893,53,Punjab,May,June,196,Rust,Biological Control,NPK,61,58,
Muskmelon,CSH 14,Zaid,Alluvial,6.7,Medium,21,666,54,Haryana,December,February,118,Blight,Chemical Pesticide,Compost,114,99,
Mustard,Pratap Makka 5,Rabi,Sandy Loam,6.1,High,32,1534,72,Telangana,November,November,107,Rust,Crop Rotation,Nitrogen,36,36,
Mustard,Vivek QPM 9,Kharif,Alluvial,5.7,High,31,1757,66,Telangana,September,February,127,Wilt,Chemical Pesticide,Compost,68,65,
Mustard,Mallika Bt,Rabi,Black Soil,7.1,Medium,37,344,46,Tamil Nadu,October,January,83,Mildew,Chemical Pesticide,Nitrogen,103,137,
Mustard,Nantes,Annual,Clayey,7.4,Low,18,1308,56,Uttar Pradesh,October,December,187,Wilt,Integrated Pest Management,DAP,48,146,
Mustard,Bunny Bt,Zaid,Alluvial,7.4,High,29,518,58,Telangana,December,September,170,Leaf Spot,Integrated Pest Management,Potash,56,48,
Mustard,Kufri Pukhraj,Kharif,Loamy,7.7,Medium,38,782,60,Kerala,February,July,119,Leaf Spot,Crop Rotation,Compost,25,110,
Mustard,DBW 17,Kharif,Loamy,7.6,Low,37,2015,87,Madhya Pradesh,February,May,75,Wilt,Biological Control,NPK,120,38,
Mustard,ML 365,Rabi,Loamy,6.1,High,19,1480,61,West Bengal,April,August,115,Mildew,Chemical Pesticide,Nitrogen,86,71,
Mustard,GHB 558,Annual,Clayey,5.7,High,30,669,44,Tamil Nadu,March,February,92,Blight,Biological Control,NPK,32,31,
Mustard,DPL 62,Annual,Loamy,6.5,High,28,833,88,Rajasthan,June,February,184,Rust,Neem Oil Spray,DAP,73,42,
Niger Seed,Maruti,Rabi,Sandy Loam,6.7,Medium,22,570,41,Madhya Pradesh,March,March,193,Rust,Integrated Pest Management,Nitrogen,56,83,
Niger Seed,Pusa Purple Long,Rabi,Loamy,5.9,Medium,32,2078,58,Karnataka,March,January,194,Bacterial Blight,Integrated Pest Management,DAP,97,36,
Niger Seed,RHB 121,Kharif,Black Soil,7.2,High,34,757,80,Punjab,July,June,84,Rust,Neem Oil Spray,Potash,51,118,
Niger Seed,JG 11,Annual,Alluvial,6.9,Medium,22,1159,47,Tamil Nadu,June,February,161,Mildew,Chemical Pesticide,DAP,77,42,
Niger Seed,ML 365,Annual,Sandy Loam,7.3,Medium,25,1134,41,Odisha,July,February,185,Bacterial Blight,Chemical Pesticide,NPK,106,46,
Niger Seed,RD 2035,Zaid,Loamy,7.6,Low,38,1722,65,Punjab,July,July,98,Wilt,Neem Oil Spray,Potash,36,63,
Niger Seed,JG 14,Kharif,Alluvial,7.3,Low,23,1182,53,Odisha,March,August,165,Bacterial Blight,Chemical Pesticide,NPK,26,150,
Niger Seed,Indaf 9,Annual,Sandy Loam,6,Medium,31,331,86,Kerala,October,March,149,Wilt,Crop Rotation,Nitrogen,111,108,
Niger Seed,TC 25,Zaid,Clayey,7.7,Low,26,861,81,Madhya Pradesh,June,March,147,Rust,Integrated Pest Management,Compost,113,59,
Niger Seed,GPU 28,Kharif,Black Soil,6.7,Medium,18,1107,79,Tamil Nadu,August,June,124,Leaf Spot,Crop Rotation,Compost,102,56,
Nutmeg,Golden Acre,Rabi,Loamy,6.8,Medium,28,709,49,Madhya Pradesh,November,September,200,Rust,Biological Control,Compost,120,84,
Nutmeg,Kufri Pukhraj,Zaid,Clayey,7,Low,37,1795,73,Maharashtra,July,September,96,Blight,Crop Rotation,Nitrogen,111,78,
Nutmeg,Arka Nidhi,Annual,Black Soil,6.2,High,26,1507,71,West Bengal,November,July,78,Wilt,Chemical Pesticide,NPK,23,15,
Nutmeg,Co 0238,Zaid,Loamy,5.9,Medium,30,1810,72,Madhya Pradesh,November,August,107,Wilt,Integrated Pest Management,Potash,31,94,
Nutmeg,UPAS 120,Zaid,Black Soil,5.8,Medium,34,1861,58,Rajasthan,March,September,76,Mildew,Crop Rotation,Nitrogen,94,88,
Nutmeg,Nantes,Zaid,Black Soil,5.8,High,23,1050,64,Bihar,July,May,182,Blight,Neem Oil Spray,DAP,69,99,
Nutmeg,Arka Shirish,Zaid,Alluvial,5.7,Medium,23,1531,84,Kerala,December,June,128,Leaf Spot,Integrated Pest Management,Nitrogen,118,76,
Nutmeg,NRC 37,Rabi,Sandy Loam,7.4,High,23,652,41,Kerala,June,December,69,Blight,Neem Oil Spray,Potash,89,77,
Nutmeg,TC 25,Zaid,Alluvial,5.7,Medium,30,1710,57,Telangana,September,April,136,Mildew,Integrated Pest Management,Potash,105,112,
Nutmeg,PL 639,Kharif,Black Soil,6.5,High,28,438,55,Uttar Pradesh,May,May,101,Bacterial Blight,Integrated Pest Management,DAP,45,46,
Okra,TC 25,Annual,Black Soil,6.5,High,21,777,72,Bihar,May,September,144,Bacterial Blight,Neem Oil Spray,Compost,79,102,
Okra,HD 3086,Kharif,Sandy Loam,7.2,Low,32,1077,45,Kerala,August,December,188,Rust,Biological Control,NPK,104,52,
Okra,JS 335,Rabi,Black Soil,6.8,Low,22,1744,73,Karnataka,November,February,115,Blight,Crop Rotation,Compost,112,129,
Okra,GHB 558,Zaid,Alluvial,7.3,Low,28,2165,65,Telangana,March,April,66,Rust,Neem Oil Spray,NPK,54,12,
Okra,RD 2035,Kharif,Black Soil,6.9,Medium,25,1975,74,Gujarat,December,September,162,Bacterial Blight,Chemical Pesticide,Potash,32,136,
Okra,Pusa 256,Kharif,Sandy Loam,6.9,Medium,30,1996,84,Gujarat,August,November,175,Blight,Crop Rotation,Potash,85,125,
Okra,Vivek QPM 9,Kharif,Black Soil,6.9,Low,22,1126,87,Odisha,August,April,74,Wilt,Crop Rotation,Compost,75,94,
Okra,Co 0238,Zaid,Sandy Loam,5.8,Medium,20,1568,61,Madhya Pradesh,October,October,61,Rust,Chemical Pesticide,Potash,108,55,
Okra,Rohini,Annual,Sandy Loam,6,Medium,18,1009,62,Odisha,November,January,190,Wilt,Biological Control,Potash,35,45,
Okra,Pusa Ruby,Kharif,Loamy,6.9,Low,34,1282,65,Rajasthan,October,April,127,Blight,Integrated Pest Management,Compost,31,147,
Onion,Co 0118,Zaid,Sandy Loam,6.1,Medium,33,2093,40,Haryana,March,July,72,Blight,Integrated Pest Management,DAP,70,20,
Onion,LBG 20,Kharif,Clayey,7,Low,36,1356,82,Odisha,April,November,183,Leaf Spot,Neem Oil Spray,DAP,52,25,
Onion,ICPL 87119,Annual,Alluvial,7,High,24,1588,45,Uttar Pradesh,December,June,175,Bacterial Blight,Integrated Pest Management,DAP,50,37,
Onion,RD 2668,Kharif,Clayey,7.5,High,27,893,65,Punjab,September,August,115,Wilt,Biological Control,DAP,23,97,
Onion,PL 406,Annual,Sandy Loam,6,Medium,30,684,48,Kerala,March,February,141,Wilt,Crop Rotation,Potash,21,140,
Onion,CSH 16,Kharif,Clayey,6.4,High,20,1313,53,Odisha,April,January,183,Bacterial Blight,Biological Control,Compost,102,131,
Onion,ICTP 8203,Zaid,Sandy Loam,6,Medium,21,907,46,Bihar,March,January,120,Mildew,Chemical Pesticide,Nitrogen,74,23,
Onion,Pusa Vishal,Kharif,Sandy Loam,7,High,35,1093,68,Odisha,April,December,61,Mildew,Integrated Pest Management,Nitrogen,115,37,
Onion,PBW 343,Rabi,Loamy,7.5,High,31,1008,60,West Bengal,April,November,86,Blight,Integrated Pest Management,Potash,110,145,
Onion,Co 99004,Rabi,Black Soil,6.9,Low,37,591,80,Madhya Pradesh,October,March,164,Leaf Spot,Integrated Pest Management,DAP,47,89,
Orange,LBG 20,Zaid,Loamy,5.5,High,19,2034,41,Tamil Nadu,May,June,118,Blight,Chemical Pesticide,Compost,83,58,
Orange,Pusa Chetki,Annual,Loamy,6.9,High,22,1585,63,Madhya Pradesh,December,August,63,Bacterial Blight,Neem Oil Spray,NPK,48,137,
Orange,T 13,Rabi,Black Soil,6.4,High,23,947,61,Gujarat,April,June,135,Mildew,Biological Control,DAP,60,84,
Orange,ML 365,Annual,Loamy,5.8,Low,36,1677,90,Maharashtra,August,January,103,Leaf Spot,Neem Oil Spray,DAP,79,17,
Orange,N53,Kharif,Black Soil,7.1,High,32,573,48,Madhya Pradesh,July,March,159,Wilt,Crop Rotation,Potash,59,20,
Orange,KBSH 41,Rabi,Black Soil,7.3,High,25,1523,58,Bihar,November,June,128,Blight,Chemical Pesticide,Compost,51,70,
Orange,CSH 16,Kharif,Clayey,7.2,Medium,25,1657,78,Maharashtra,September,February,62,Mildew,Neem Oil Spray,NPK,72,106,
Orange,Rohini,Zaid,Black Soil,6.6,Medium,37,844,49,Tamil Nadu,March,January,149,Bacterial Blight,Chemical Pesticide,NPK,88,125,
Orange,Japanese White,Annual,Clayey,5.8,Low,31,912,71,Gujarat,July,April,111,Mildew,Integrated Pest Management,NPK,35,47,
Orange,Arka Anamika,Kharif,Loamy,7.1,Low,26,1776,66,Maharashtra,August,September,147,Mildew,Biological Control,DAP,38,95,
Papaya,NRC 37,Kharif,Sandy Loam,6.1,Medium,26,1672,45,Haryana,May,July,159,Bacterial Blight,Chemical Pesticide,Potash,98,137,
Papaya,IR36,Zaid,Alluvial,7.5,Low,34,1453,69,Odisha,November,March,119,Mildew,Chemical Pesticide,NPK,101,34,
Papaya,Pusa Basmati 1121,Kharif,Clayey,6.2,Medium,31,1203,50,Uttar Pradesh,November,May,99,Leaf Spot,Biological Control,Nitrogen,24,138,
Papaya,NCS 145 Bt,Rabi,Black Soil,7.3,High,35,927,68,Maharashtra,June,March,156,Mildew,Neem Oil Spray,Compost,40,110,
Papaya,Pant U 19,Kharif,Black Soil,7,Low,38,334,60,Andhra Pradesh,March,October,97,Bacterial Blight,Biological Control,DAP,39,128,
Papaya,GHB 558,Rabi,Black Soil,6.5,Low,18,1541,40,Odisha,November,November,110,Bacterial Blight,Neem Oil Spray,NPK,62,150,
Papaya,Pusa Red,Annual,Clayey,6.7,High,25,818,51,Telangana,July,June,125,Bacterial Blight,Biological Control,Potash,99,86,
Papaya,Kranti,Zaid,Sandy Loam,6.7,Medium,25,622,75,West Bengal,October,June,104,Bacterial Blight,Integrated Pest Management,Potash,21,118,
Papaya,Arka Anamika,Rabi,Loamy,6.5,High,23,928,78,Madhya Pradesh,May,November,98,Wilt,Biological Control,DAP,118,87,
Papaya,GPU 28,Rabi,Black Soil,6.4,Medium,26,1175,83,Odisha,August,April,148,Mildew,Integrated Pest Management,NPK,82,63,
Peach,Pusa Masoor 5,Annual,Clayey,6.9,High,38,1740,63,Karnataka,October,July,105,Mildew,Chemical Pesticide,Nitrogen,87,120,
Peach,Arka Rakshak,Rabi,Loamy,5.8,Medium,38,1738,61,Karnataka,June,July,63,Leaf Spot,Biological Control,Nitrogen,34,67,
Peach,TMV 7,Zaid,Black Soil,7.5,Low,37,443,60,Maharashtra,November,September,106,Wilt,Integrated Pest Management,Potash,89,123,
Peach,PBW 343,Kharif,Clayey,7.7,Medium,19,951,78,Telangana,April,February,172,Blight,Crop Rotation,Nitrogen,110,13,
Peach,MACS 450,Rabi,Sandy Loam,7,High,38,1093,74,Telangana,January,September,68,Bacterial Blight,Chemical Pesticide,Compost,43,111,
Peach,GPU 28,Kharif,Black Soil,7.7,Low,32,563,48,Telangana,May,September,144,Blight,Integrated Pest Management,NPK,82,50,
Peach,Pusa Kranti,Kharif,Sandy Loam,5.7,Medium,25,398,66,Kerala,June,October,161,Blight,Crop Rotation,DAP,54,16,
Peach,JL 24,Kharif,Alluvial,7.5,Low,29,1451,83,Madhya Pradesh,June,June,100,Leaf Spot,Chemical Pesticide,DAP,20,62,
Peach,GG 20,Annual,Clayey,6.7,Medium,31,582,66,Tamil Nadu,December,February,93,Rust,Crop Rotation,Potash,32,64,
Peach,Pusa Red,Kharif,Alluvial,6.4,High,33,490,86,Haryana,October,December,106,Wilt,Biological Control,Nitrogen,119,62,
Pear,TAG 24,Annual,Loamy,7.1,Low,24,1624,45,Kerala,February,July,90,Wilt,Neem Oil Spray,Compost,95,71,
Pear,TC 25,Annual,Loamy,7.1,Medium,28,1210,83,Madhya Pradesh,February,January,141,Leaf Spot,Neem Oil Spray,NPK,105,146,
Pear,HQPM 1,Rabi,Sandy Loam,6.3,High,26,1628,87,Gujarat,December,April,78,Rust,Integrated Pest Management,DAP,31,149,
Pear,Deccan 103,Rabi,Alluvial,6.8,Medium,24,1890,68,Karnataka,September,February,135,Mildew,Neem Oil Spray,Nitrogen,75,85,
Pear,Pant Shubhra,Rabi,Sandy Loam,5.8,Medium,27,342,58,Madhya Pradesh,August,April,145,Wilt,Integrated Pest Management,Nitrogen,87,33,
Pear,TMV 7,Rabi,Black Soil,5.8,Low,31,439,77,Karnataka,April,September,192,Leaf Spot,Chemical Pesticide,Nitrogen,67,139,
Pear,Pant U 19,Rabi,Black Soil,7.4,Low,26,457,61,Telangana,January,July,105,Mildew,Chemical Pesticide,Nitrogen,97,144,
Pear,JS 95-60,Annual,Black Soil,5.7,Low,20,1499,80,Gujarat,April,January,95,Leaf Spot,Integrated Pest Management,DAP,70,29,
Pear,Asha,Rabi,Clayey,6.3,Medium,24,1499,78,Gujarat,August,January,135,Mildew,Chemical Pesticide,Nitrogen,117,68,
Pear,Lok 1,Rabi,Alluvial,7.3,Medium,37,1941,69,Kerala,November,April,166,Blight,Crop Rotation,NPK,77,22,
Pearl Millet,Pusa Sawani,Zaid,Black Soil,6.5,High,37,1205,48,Maharashtra,May,March,133,Rust,Integrated Pest Management,Compost,118,123,
Pearl Millet,DHM 117,Rabi,Loamy,6.2,Medium,27,2078,90,Tamil Nadu,October,December,81,Wilt,Crop Rotation,Compost,57,127,
Pearl Millet,Pusa Rohini,Kharif,Black Soil,7.8,High,38,1250,55,Maharashtra,February,August,171,Mildew,Neem Oil Spray,Potash,82,32,
Pearl Millet,JS 95-60,Annual,Sandy Loam,7.7,Medium,26,2039,53,Punjab,January,March,169,Wilt,Neem Oil Spray,DAP,89,39,
Pearl Millet,Kalyan Sona,Annual,Sandy Loam,6.9,Low,18,663,54,Punjab,May,August,85,Bacterial Blight,Chemical Pesticide,Potash,48,79,
Pearl Millet,Arka Vikas,Zaid,Loamy,5.9,Medium,37,1075,51,Bihar,May,December,152,Rust,Biological Control,NPK,98,43,
Pearl Millet,Kufri Chipsona 1,Rabi,Clayey,5.7,Medium,31,628,50,Bihar,October,July,196,Rust,Neem Oil Spray,Compost,116,68,
Pearl Millet,JG 11,Annual,Alluvial,5.6,High,24,394,82,Maharashtra,August,May,128,Mildew,Chemical Pesticide,Potash,101,55,
Pearl Millet,RT 46,Kharif,Loamy,7.6,Low,25,1435,42,Odisha,July,May,130,Leaf Spot,Biological Control,NPK,90,89,
Pearl Millet,Pusa Bold,Annual,Black Soil,7,Low,20,1655,48,Telangana,October,June,180,Rust,Chemical Pesticide,Nitrogen,56,113,
Peas,Samba Mahsuri,Zaid,Clayey,7.7,High,20,1185,86,Andhra Pradesh,February,April,160,Bacterial Blight,Integrated Pest Management,Potash,38,120,
Peas,Arka Rakshak,Rabi,Alluvial,6.1,High,31,1047,88,Telangana,September,December,122,Bacterial Blight,Integrated Pest Management,NPK,48,124,
Peas,Morden,Kharif,Loamy,7.2,High,35,2046,55,Rajasthan,March,January,180,Blight,Biological Control,Compost,80,82,
Peas,CSH 14,Zaid,Clayey,7,Low,28,1605,46,Andhra Pradesh,June,May,118,Bacterial Blight,Neem Oil Spray,Compost,20,120,
Peas,Bhima Super,Annual,Sandy Loam,7.6,Medium,25,1620,64,Uttar Pradesh,June,December,104,Leaf Spot,Integrated Pest Management,Compost,35,135,
Peas,Kufri Bahar,Annual,Black Soil,7.3,High,32,340,81,Uttar Pradesh,April,April,192,Bacterial Blight,Crop Rotation,Potash,52,52,
Peas,Pratap Makka 5,Annual,Alluvial,7.5,Low,33,1466,43,Karnataka,November,August,98,Blight,Crop Rotation,Compost,109,44,
Peas,Agrifound Light Red,Kharif,Alluvial,6.5,High,18,1924,84,Rajasthan,January,March,197,Rust,Neem Oil Spray,Nitrogen,41,35,
Peas,PL 406,Annual,Clayey,6,Low,36,1837,77,Rajasthan,July,May,97,Bacterial Blight,Chemical Pesticide,Compost,56,32,
Peas,JS 95-60,Kharif,Clayey,7,Low,25,669,75,Uttar Pradesh,February,September,90,Leaf Spot,Integrated Pest Management,Compost,81,128,
Pigeon Pea,PBW 343,Zaid,Loamy,7.7,High,25,1097,56,Karnataka,December,August,154,Blight,Biological Control,Potash,93,58,
Pigeon Pea,Indaf 9,Rabi,Loamy,6.1,High,20,319,69,Tamil Nadu,January,June,142,Leaf Spot,Neem Oil Spray,Potash,109,14,
Pigeon Pea,Pusa Basmati 1509,Zaid,Alluvial,7.3,Medium,22,794,84,Punjab,September,July,173,Wilt,Neem Oil Spray,Potash,88,82,
Pigeon Pea,Pratap Makka 5,Annual,Sandy Loam,6.8,Medium,34,1849,59,Bihar,December,August,127,Blight,Neem Oil Spray,Compost,103,34,
Pigeon Pea,Arka Nidhi,Kharif,Black Soil,6.1,Low,20,786,65,Uttar Pradesh,March,September,130,Mildew,Integrated Pest Management,DAP,33,113,
Pigeon Pea,JG 11,Annual,Black Soil,7,Medium,32,1266,76,Odisha,December,May,176,Leaf Spot,Chemical Pesticide,Nitrogen,21,121,
Pigeon Pea,Mallika Bt,Zaid,Black Soil,6.7,High,22,715,55,Punjab,January,February,107,Bacterial Blight,Integrated Pest Management,NPK,38,128,
Pigeon Pea,SML 668,Rabi,Alluvial,6.4,Low,27,1573,47,Haryana,March,October,105,Rust,Chemical Pesticide,Potash,30,93,
Pigeon Pea,RD 2552,Kharif,Sandy Loam,6.8,High,26,2076,41,Kerala,June,August,70,Wilt,Crop Rotation,Potash,37,115,
Pigeon Pea,Kufri Chipsona 1,Annual,Loamy,5.6,High,28,1733,57,Telangana,June,April,126,Blight,Crop Rotation,Compost,21,108,
Pineapple,GG 20,Zaid,Black Soil,6.5,Low,29,2138,89,Odisha,July,May,153,Blight,Integrated Pest Management,Compost,81,50,
Pineapple,Arka Vikas,Rabi,Black Soil,6.4,Medium,28,391,79,West Bengal,June,October,163,Rust,Neem Oil Spray,NPK,95,84,
Pineapple,Pusa Drumhead,Annual,Loamy,7.1,Low,29,1851,72,Andhra Pradesh,May,October,82,Bacterial Blight,Integrated Pest Management,DAP,93,133,
Pineapple,Samba Mahsuri,Kharif,Sandy Loam,6.2,Medium,30,1246,90,Karnataka,June,July,200,Leaf Spot,Crop Rotation,DAP,90,61,
Pineapple,Pratap Makka 5,Rabi,Loamy,6.1,Low,20,956,54,Madhya Pradesh,July,May,67,Bacterial Blight,Biological Control,Compost,100,90,
Pineapple,GHB 558,Zaid,Sandy Loam,6.6,High,37,818,48,Odisha,December,December,114,Leaf Spot,Biological Control,DAP,26,22,
Pineapple,Pusa Red,Zaid,Sandy Loam,7.3,High,27,944,69,Rajasthan,March,January,180,Leaf Spot,Chemical Pesticide,DAP,111,84,
Pineapple,ADT 43,Kharif,Loamy,6.7,Low,31,468,65,Odisha,February,August,184,Mildew,Biological Control,Nitrogen,41,111,
Pineapple,Bunny Bt,Zaid,Loamy,6.8,Low,25,354,55,Uttar Pradesh,September,October,197,Mildew,Chemical Pesticide,Potash,34,82,
Pineapple,NCS 145 Bt,Kharif,Loamy,7.4,Low,37,329,89,Uttar Pradesh,May,April,196,Leaf Spot,Neem Oil Spray,DAP,72,89,
Plum,Rohini,Annual,Black Soil,5.5,High,25,1703,62,Karnataka,April,June,158,Mildew,Neem Oil Spray,Compost,28,110,
Plum,Kufri Jyoti,Kharif,Clayey,6.2,High,35,1626,47,Haryana,December,December,63,Bacterial Blight,Biological Control,NPK,98,28,
Plum,Pusa Bold,Rabi,Sandy Loam,6.4,Medium,18,1434,59,Rajasthan,April,November,78,Blight,Neem Oil Spray,Nitrogen,119,19,
Plum,ICTP 8203,Zaid,Alluvial,5.8,Low,32,2055,85,West Bengal,January,March,104,Mildew,Chemical Pesticide,DAP,107,136,
Plum,PBW 343,Rabi,Sandy Loam,6.4,Medium,30,354,83,Rajasthan,December,August,197,Rust,Chemical Pesticide,Nitrogen,109,120,
Plum,Pusa Rohini,Zaid,Sandy Loam,6.3,Low,31,1139,70,Gujarat,May,June,141,Mildew,Biological Control,Nitrogen,84,108,
Plum,N53,Rabi,Clayey,6.2,High,21,1269,85,Telangana,June,November,149,Wilt,Chemical Pesticide,NPK,91,76,
Plum,Kranti,Kharif,Clayey,7.6,Low,33,1942,55,Bihar,April,May,113,Mildew,Biological Control,NPK,85,88,
Plum,Arka Nidhi,Rabi,Loamy,6.9,Low,36,1442,68,Madhya Pradesh,December,March,139,Rust,Crop Rotation,Nitrogen,80,116,
Plum,Asha,Rabi,Clayey,7.6,Low,20,1246,49,Kerala,December,August,156,Mildew,Crop Rotation,Potash,103,128,
Pomegranate,Vivek QPM 9,Zaid,Black Soil,6.3,High,22,1583,44,Andhra Pradesh,March,October,96,Bacterial Blight,Neem Oil Spray,Potash,69,135,
Pomegranate,RD 2552,Kharif,Sandy Loam,7.5,Low,19,2019,86,Karnataka,August,August,93,Wilt,Biological Control,DAP,42,60,
Pomegranate,Asha,Zaid,Clayey,7.7,Low,24,1112,83,Uttar Pradesh,April,May,96,Wilt,Integrated Pest Management,Nitrogen,105,38,
Pomegranate,Pusa Red,Zaid,Loamy,6.4,Low,38,966,80,Andhra Pradesh,May,October,111,Bacterial Blight,Neem Oil Spray,Compost,53,88,
Pomegranate,GG 20,Rabi,Black Soil,5.5,High,19,1667,63,Telangana,March,March,63,Leaf Spot,Integrated Pest Management,DAP,106,17,
Pomegranate,TAG 24,Rabi,Loamy,5.9,Low,19,1035,78,Telangana,February,September,162,Mildew,Crop Rotation,Potash,117,123,
Pomegranate,Arka Nidhi,Annual,Sandy Loam,5.7,Low,21,2103,66,Uttar Pradesh,June,March,80,Blight,Integrated Pest Management,Compost,52,121,
Pomegranate,Varuna,Rabi,Alluvial,5.8,Medium,28,764,40,Odisha,August,August,65,Mildew,Biological Control,Potash,102,127,
Pomegranate,Pusa Chetki,Rabi,Loamy,5.6,Low,34,329,80,Odisha,November,February,169,Blight,Crop Rotation,NPK,64,42,
Pomegranate,Pratap Makka 5,Rabi,Black Soil,5.8,Low,20,1516,80,Bihar,September,April,170,Blight,Integrated Pest Management,Nitrogen,31,23,
Potato,Pusa Masoor 5,Annual,Sandy Loam,7.1,Low,19,1348,88,Punjab,March,January,121,Mildew,Crop Rotation,DAP,85,135,
Potato,GHB 558,Rabi,Loamy,7,High,22,1429,57,Andhra Pradesh,April,November,169,Blight,Crop Rotation,Compost,23,66,
Potato,Kalyan Sona,Rabi,Black Soil,7,High,23,2045,82,Andhra Pradesh,November,April,175,Leaf Spot,Integrated Pest Management,DAP,71,16,
Potato,PL 406,Kharif,Black Soil,7.5,High,29,2095,42,Bihar,June,February,61,Rust,Crop Rotation,Potash,61,52,
Potato,Mallika Bt,Annual,Black Soil,5.9,Low,31,2116,48,Karnataka,February,January,128,Blight,Biological Control,Potash,115,138,
Potato,Pusa Drumhead,Zaid,Sandy Loam,6,Medium,27,1660,54,Kerala,July,September,142,Blight,Chemical Pesticide,Compost,115,47,
Potato,ADT 43,Annual,Clayey,7.5,High,22,1823,49,Madhya Pradesh,May,January,180,Blight,Chemical Pesticide,Nitrogen,54,33,
Potato,MTU1010,Annual,Sandy Loam,5.7,Low,22,957,84,Gujarat,November,January,134,Mildew,Integrated Pest Management,DAP,27,41,
Potato,SML 668,Rabi,Loamy,6.8,High,36,1872,59,Gujarat,December,June,134,Wilt,Biological Control,Compost,99,140,
Potato,Bhima Super,Kharif,Black Soil,7.7,High,28,1105,69,Kerala,July,March,68,Blight,Crop Rotation,NPK,46,51,
Proso Millet,Bhima Super,Kharif,Black Soil,7.6,Medium,29,503,49,Uttar Pradesh,May,June,168,Rust,Chemical Pesticide,Potash,58,126,
Proso Millet,HD 2967,Rabi,Loamy,6.4,High,33,757,49,Odisha,December,November,89,Rust,Neem Oil Spray,NPK,51,17,
Proso Millet,GHB 558,Rabi,Black Soil,6.8,Low,27,1744,66,Karnataka,January,August,103,Bacterial Blight,Integrated Pest Management,DAP,117,89,
Proso Millet,Samba Mahsuri,Kharif,Black Soil,6.3,High,35,640,76,Odisha,March,November,71,Blight,Neem Oil Spray,Potash,90,43,
Proso Millet,Arka Nidhi,Rabi,Loamy,6.1,Low,18,1452,54,Haryana,January,February,139,Blight,Integrated Pest Management,Compost,34,10,
Proso Millet,Pusa Masoor 5,Kharif,Loamy,5.8,High,18,1711,79,Gujarat,July,October,122,Wilt,Chemical Pesticide,NPK,30,31,
Proso Millet,Ganga 5,Kharif,Alluvial,7.5,Medium,27,1366,76,Rajasthan,October,August,136,Mildew,Chemical Pesticide,Potash,99,37,
Proso Millet,TMV 7,Zaid,Loamy,7,Low,18,925,85,Haryana,December,July,114,Mildew,Biological Control,NPK,101,121,
Proso Millet,Pant Shubhra,Annual,Loamy,7.1,Low,35,1260,65,Bihar,March,February,117,Rust,Crop Rotation,Nitrogen,84,150,
Proso Millet,Co 99004,Rabi,Clayey,7,Medium,20,476,70,Bihar,September,February,156,Leaf Spot,Integrated Pest Management,Compost,70,69,
Pumpkin,PU 31,Rabi,Black Soil,5.5,Medium,35,683,48,Madhya Pradesh,February,January,184,Leaf Spot,Biological Control,NPK,116,51,
Pumpkin,PL 406,Rabi,Black Soil,7,Medium,18,1298,77,Punjab,August,July,79,Blight,Crop Rotation,Potash,116,132,
Pumpkin,Pratap Makka 5,Kharif,Alluvial,5.9,High,25,1481,63,Bihar,June,May,96,Bacterial Blight,Biological Control,NPK,92,140,
Pumpkin,CSH 14,Annual,Loamy,6.2,Low,38,366,43,Andhra Pradesh,March,November,163,Blight,Neem Oil Spray,DAP,83,127,
Pumpkin,JG 11,Rabi,Loamy,7,Medium,18,1903,90,Bihar,September,January,118,Leaf Spot,Crop Rotation,Compost,69,63,
Pumpkin,RD 2668,Kharif,Black Soil,6.3,Medium,19,672,58,West Bengal,October,August,87,Bacterial Blight,Biological Control,Nitrogen,50,96,
Pumpkin,PDM 139,Zaid,Alluvial,7.7,High,34,324,68,Bihar,January,February,176,Leaf Spot,Chemical Pesticide,Potash,115,137,
Pumpkin,ML 365,Rabi,Black Soil,7,Medium,29,524,45,Telangana,June,August,81,Bacterial Blight,Crop Rotation,Compost,111,144,
Pumpkin,RD 2035,Rabi,Clayey,6.1,High,32,1987,59,Karnataka,December,August,72,Bacterial Blight,Biological Control,Potash,64,123,
Pumpkin,Pusa Sawani,Kharif,Loamy,6.7,Medium,25,1629,52,Punjab,November,January,135,Bacterial Blight,Crop Rotation,NPK,95,86,
Radish,Co 99004,Kharif,Alluvial,6.3,Medium,33,2176,57,Gujarat,July,June,84,Rust,Biological Control,Nitrogen,39,29,
Radish,KBSH 41,Rabi,Loamy,6.1,High,19,736,80,Rajasthan,March,February,150,Leaf Spot,Biological Control,Potash,102,86,
Radish,Golden Acre,Rabi,Clayey,5.6,Medium,35,831,51,Telangana,April,July,161,Mildew,Integrated Pest Management,Compost,98,44,
Radish,DPL 62,Zaid,Sandy Loam,7.1,High,28,923,67,Kerala,May,March,115,Wilt,Crop Rotation,Potash,100,35,
Radish,PDM 139,Zaid,Alluvial,7.1,Low,20,1191,59,Odisha,May,October,118,Mildew,Neem Oil Spray,Compost,44,92,
Radish,Kufri Pukhraj,Kharif,Alluvial,6.3,High,30,2102,82,Kerala,December,May,121,Blight,Chemical Pesticide,Nitrogen,59,67,
Radish,JG 14,Annual,Loamy,7.4,Medium,20,2073,80,Odisha,December,December,192,Rust,Biological Control,Nitrogen,115,23,
Radish,Deccan 103,Kharif,Clayey,6.8,High,29,343,47,Punjab,May,December,176,Bacterial Blight,Integrated Pest Management,NPK,102,53,
Radish,Pusa Chetki,Zaid,Alluvial,5.7,Low,33,1983,51,Kerala,June,September,77,Leaf Spot,Chemical Pesticide,Compost,32,13,
Radish,Morden,Kharif,Alluvial,5.8,High,34,1873,51,Maharashtra,October,September,131,Blight,Chemical Pesticide,NPK,83,40,
Rapeseed,Agrifound Light Red,Kharif,Sandy Loam,6.9,Medium,28,525,60,Telangana,July,June,116,Leaf Spot,Crop Rotation,DAP,22,109,
Rapeseed,ICTP 8203,Kharif,Alluvial,7.5,Low,21,1686,45,Punjab,March,January,172,Bacterial Blight,Chemical Pesticide,Potash,108,48,
Rapeseed,PU 31,Annual,Sandy Loam,7,High,31,1790,53,Maharashtra,May,February,109,Bacterial Blight,Integrated Pest Management,Compost,34,113,
Rapeseed,KBSH 1,Annual,Black Soil,6.4,Low,24,1242,83,Maharashtra,August,January,118,Bacterial Blight,Integrated Pest Management,NPK,34,17,
Rapeseed,Pusa Sawani,Kharif,Clayey,7.8,Low,21,769,81,Haryana,June,December,97,Wilt,Neem Oil Spray,DAP,85,55,
Rapeseed,Kranti,Annual,Black Soil,7,Medium,24,1480,73,Odisha,January,October,92,Wilt,Neem Oil Spray,Potash,117,109,
Rapeseed,Pusa Drumhead,Rabi,Loamy,7.3,Medium,26,1735,87,Tamil Nadu,November,April,149,Blight,Integrated Pest Management,NPK,61,122,
Rapeseed,DBW 17,Annual,Clayey,6.1,High,31,585,50,Punjab,March,January,61,Mildew,Chemical Pesticide,Potash,23,39,
Rapeseed,JG 14,Annual,Clayey,7.7,Low,30,792,85,Bihar,October,January,65,Bacterial Blight,Chemical Pesticide,Nitrogen,77,40,
Rapeseed,TC 25,Zaid,Black Soil,7,High,24,1422,47,Andhra Pradesh,August,December,113,Mildew,Integrated Pest Management,Compost,21,50,
Rice,Pusa Vishal,Kharif,Clayey,7,Low,38,742,73,Haryana,July,October,114,Mildew,Neem Oil Spray,Compost,24,66,
Rice,Pant Shubhra,Rabi,Loamy,7,High,37,1470,62,Tamil Nadu,February,January,64,Bacterial Blight,Neem Oil Spray,DAP,21,41,
Rice,T9,Zaid,Clayey,7,Low,28,496,86,Telangana,February,January,127,Leaf Spot,Neem Oil Spray,DAP,94,127,
Rice,Pant U 19,Annual,Loamy,6.7,High,18,1292,44,Odisha,April,May,62,Blight,Integrated Pest Management,Compost,74,133,
Rice,Kranti,Annual,Loamy,5.8,Low,21,452,75,Maharashtra,April,June,188,Rust,Chemical Pesticide,Nitrogen,88,60,
Rice,ICTP 8203,Annual,Black Soil,6,Medium,34,409,83,Uttar Pradesh,October,July,168,Wilt,Biological Control,Potash,119,49,
Rice,Vivek QPM 9,Zaid,Black Soil,6.8,Low,32,2167,74,Gujarat,August,April,165,Wilt,Biological Control,Potash,52,56,
Rice,Nantes,Zaid,Alluvial,7.7,High,19,1451,83,Kerala,February,March,83,Mildew,Crop Rotation,Compost,96,37,
Rice,Pusa Ruby,Zaid,Sandy Loam,6.2,High,38,997,74,Tamil Nadu,February,December,158,Wilt,Crop Rotation,Potash,84,83,
Rice,ICPL 87119,Rabi,Black Soil,6.5,Medium,25,1131,85,Rajasthan,September,August,79,Leaf Spot,Chemical Pesticide,Potash,88,84,
Ridge Gourd,TC 25,Rabi,Sandy Loam,5.9,High,24,1083,54,Bihar,October,December,124,Leaf Spot,Neem Oil Spray,Compost,76,115,
Ridge Gourd,HHB 67,Rabi,Alluvial,7.5,High,29,495,45,Maharashtra,January,October,181,Blight,Integrated Pest Management,DAP,117,16,
Ridge Gourd,ADT 43,Kharif,Black Soil,7.4,High,28,1901,90,Tamil Nadu,February,September,91,Bacterial Blight,Neem Oil Spray,DAP,72,34,
Ridge Gourd,Arka Vikas,Zaid,Black Soil,6.4,High,24,304,90,Bihar,March,September,188,Leaf Spot,Chemical Pesticide,Compost,92,116,
Ridge Gourd,Pusa Sawani,Annual,Alluvial,7.2,High,19,1699,66,Uttar Pradesh,August,November,125,Bacterial Blight,Crop Rotation,Compost,85,22,
Ridge Gourd,Arka Rakshak,Zaid,Sandy Loam,7,Medium,37,2077,71,Uttar Pradesh,June,March,107,Wilt,Biological Control,Nitrogen,72,52,
Ridge Gourd,HD 3086,Kharif,Sandy Loam,7.1,Low,36,940,88,Bihar,May,June,85,Leaf Spot,Neem Oil Spray,Potash,113,41,
Ridge Gourd,Pratap Makka 5,Zaid,Clayey,6.5,Medium,29,1941,44,Andhra Pradesh,September,February,142,Bacterial Blight,Biological Control,Potash,76,19,
Ridge Gourd,Pusa Bold,Zaid,Sandy Loam,7.3,High,25,1145,80,Maharashtra,February,September,98,Bacterial Blight,Biological Control,Nitrogen,28,49,
Ridge Gourd,Maruti,Kharif,Black Soil,7.3,High,26,420,83,Andhra Pradesh,September,February,168,Rust,Biological Control,DAP,30,42,
Rubber,Kranti,Rabi,Loamy,6.1,High,23,1637,84,Tamil Nadu,June,July,80,Leaf Spot,Biological Control,Nitrogen,94,46,
Rubber,CO 2,Zaid,Sandy Loam,6.2,High,38,1784,62,Maharashtra,October,November,88,Wilt,Chemical Pesticide,DAP,67,25,
Rubber,TC 25,Kharif,Clayey,5.9,Low,38,1435,74,Madhya Pradesh,December,February,176,Blight,Crop Rotation,Potash,59,33,
Rubber,Lok 1,Annual,Alluvial,7,Medium,21,349,80,Madhya Pradesh,December,October,62,Rust,Biological Control,Potash,114,16,
Rubber,Kufri Bahar,Annual,Clayey,6.9,Medium,36,1650,49,Karnataka,June,May,183,Blight,Neem Oil Spray,Nitrogen,111,35,
Rubber,Mallika Bt,Rabi,Alluvial,6.9,Medium,25,1666,57,Kerala,February,May,110,Rust,Neem Oil Spray,NPK,93,38,
Rubber,IR36,Annual,Clayey,6.7,High,37,1059,83,Maharashtra,February,February,89,Bacterial Blight,Crop Rotation,Potash,30,63,
Rubber,ICPL 87119,Kharif,Alluvial,6.4,Low,37,1381,49,Odisha,January,September,98,Rust,Biological Control,NPK,70,13,
Rubber,PBW 343,Rabi,Sandy Loam,7.8,Medium,29,1201,83,Tamil Nadu,January,June,74,Rust,Crop Rotation,Compost,111,100,
Rubber,PL 639,Rabi,Black Soil,6.3,Low,19,1818,63,Madhya Pradesh,April,November,186,Wilt,Crop Rotation,NPK,48,35,
Safflower,GG 20,Rabi,Alluvial,7.3,Low,22,2049,50,Gujarat,March,May,116,Leaf Spot,Chemical Pesticide,Compost,91,15,
Safflower,Samba Mahsuri,Zaid,Sandy Loam,7.5,High,36,1466,73,Gujarat,December,October,186,Blight,Chemical Pesticide,Compost,119,58,
Safflower,Pusa Kesar,Kharif,Sandy Loam,7,Medium,25,1875,70,Telangana,July,February,134,Wilt,Chemical Pesticide,NPK,47,32,
Safflower,RD 2035,Zaid,Clayey,7.7,Low,25,1243,75,West Bengal,June,April,68,Leaf Spot,Biological Control,NPK,67,60,
Safflower,TMV 7,Annual,Loamy,6.8,Medium,26,1230,59,Telangana,November,November,192,Bacterial Blight,Crop Rotation,Nitrogen,87,126,
Safflower,GPU 45,Annual,Clayey,5.9,Medium,20,2123,58,Maharashtra,April,November,132,Bacterial Blight,Integrated Pest Management,Compost,94,37,
Safflower,Mallika Bt,Annual,Clayey,7.7,Medium,25,640,83,Gujarat,August,August,112,Leaf Spot,Biological Control,DAP,60,17,
Safflower,Kufri Chipsona 1,Zaid,Sandy Loam,7.1,Medium,37,1871,53,Telangana,January,December,109,Mildew,Biological Control,Compost,109,111,
Safflower,Co 0238,Annual,Clayey,6.4,High,29,681,65,Maharashtra,September,June,85,Wilt,Crop Rotation,Nitrogen,92,99,
Safflower,Arka Shirish,Annual,Black Soil,6.2,High,34,2016,79,Rajasthan,February,April,138,Rust,Chemical Pesticide,Potash,95,57,
Sesame,Swarna,Rabi,Alluvial,6,Medium,23,1871,90,Telangana,October,April,151,Wilt,Chemical Pesticide,Compost,96,144,
Sesame,Pusa Bold,Annual,Sandy Loam,6.5,Low,27,769,90,Madhya Pradesh,January,December,155,Bacterial Blight,Crop Rotation,Potash,93,76,
Sesame,Samba Mahsuri,Zaid,Loamy,7.6,High,29,1539,54,Bihar,September,March,115,Bacterial Blight,Chemical Pesticide,Compost,80,60,
Sesame,Mallika Bt,Kharif,Loamy,7,Medium,36,1463,62,Bihar,December,October,123,Bacterial Blight,Neem Oil Spray,Compost,102,20,
Sesame,Agrifound Light Red,Zaid,Alluvial,7.6,High,20,1600,86,West Bengal,February,August,105,Rust,Crop Rotation,DAP,21,12,
Sesame,DBW 17,Rabi,Alluvial,5.7,High,29,1106,42,Punjab,September,March,178,Mildew,Neem Oil Spray,Nitrogen,81,72,
Sesame,HHB 67,Zaid,Clayey,6.1,Low,31,2157,79,Odisha,February,July,120,Wilt,Crop Rotation,DAP,62,12,
Sesame,Bunny Bt,Annual,Alluvial,6.8,Medium,26,1276,80,Karnataka,May,August,176,Blight,Crop Rotation,Potash,119,140,
Sesame,RCH2 Bt,Kharif,Sandy Loam,6.8,Low,25,1410,89,Odisha,June,November,191,Rust,Chemical Pesticide,Nitrogen,98,35,
Sesame,Co 0238,Kharif,Black Soil,6.3,High,18,1821,81,Andhra Pradesh,April,August,152,Rust,Crop Rotation,Compost,39,33,
Sorghum,JS 335,Annual,Clayey,5.8,High,34,502,63,Andhra Pradesh,August,May,93,Wilt,Neem Oil Spray,NPK,67,67,
Sorghum,Swarna,Rabi,Sandy Loam,6.6,Low,28,1620,44,Telangana,January,May,109,Leaf Spot,Chemical Pesticide,DAP,78,13,
Sorghum,Pusa Vishal,Annual,Alluvial,5.9,High,23,308,49,Karnataka,October,December,127,Leaf Spot,Integrated Pest Management,DAP,115,129,
Sorghum,Kufri Jyoti,Kharif,Loamy,5.6,Medium,34,1794,62,Punjab,May,March,88,Mildew,Crop Rotation,NPK,59,31,
Sorghum,PDM 139,Zaid,Clayey,6.3,High,27,896,67,Andhra Pradesh,October,March,113,Mildew,Chemical Pesticide,Potash,116,13,
Sorghum,Pratap Makka 5,Zaid,Sandy Loam,6.5,Low,31,521,88,Madhya Pradesh,July,January,186,Leaf Spot,Biological Control,NPK,58,59,
Sorghum,GHB 558,Zaid,Clayey,7.3,Medium,21,1003,42,Odisha,November,October,142,Blight,Crop Rotation,NPK,44,126,
Sorghum,RD 2668,Rabi,Alluvial,5.7,High,19,1382,57,Maharashtra,September,August,121,Rust,Biological Control,Nitrogen,31,79,
Sorghum,Pusa Basmati 1509,Annual,Loamy,6.4,Low,32,703,88,Gujarat,November,February,109,Mildew,Chemical Pesticide,DAP,74,82,
Sorghum,Pusa Kranti,Zaid,Loamy,7.3,Medium,36,1408,83,Odisha,October,March,138,Mildew,Biological Control,Compost,79,148,
Soybean,Pusa Red,Zaid,Alluvial,5.6,Low,33,1269,73,Telangana,May,May,92,Mildew,Chemical Pesticide,Nitrogen,44,38,
Soybean,GPU 45,Zaid,Alluvial,6.5,Low,21,1749,89,Telangana,November,June,133,Blight,Biological Control,Potash,103,112,
Soybean,Arka Anamika,Zaid,Sandy Loam,6.9,Medium,20,960,85,West Bengal,October,December,167,Mildew,Crop Rotation,NPK,111,106,
Soybean,CSV 15,Rabi,Sandy Loam,5.7,High,35,1340,66,Telangana,January,February,185,Mildew,Biological Control,Compost,115,126,
Soybean,IR36,Zaid,Clayey,5.7,High,20,459,68,Andhra Pradesh,September,April,68,Mildew,Integrated Pest Management,Potash,20,22,
Soybean,Arka Vikas,Kharif,Loamy,7.7,High,37,1852,44,Odisha,December,October,182,Wilt,Chemical Pesticide,Potash,73,15,
Soybean,Varuna,Kharif,Sandy Loam,7.5,High,26,851,61,Maharashtra,September,May,143,Blight,Chemical Pesticide,Nitrogen,56,79,
Soybean,JL 24,Zaid,Black Soil,7.6,Low,28,2149,87,Punjab,September,August,187,Rust,Neem Oil Spray,Compost,87,110,
Soybean,JS 95-60,Annual,Alluvial,7.2,High,36,947,66,Madhya Pradesh,February,November,169,Bacterial Blight,Biological Control,DAP,68,41,
Soybean,ML 365,Zaid,Black Soil,7.3,High,37,1542,57,Gujarat,September,January,138,Blight,Integrated Pest Management,Potash,51,135,
Spinach,KBSH 1,Rabi,Black Soil,6.2,Low,23,893,65,Andhra Pradesh,January,February,177,Rust,Chemical Pesticide,Potash,114,131,
Spinach,DHM 117,Zaid,Alluvial,7,Low,29,1108,72,Andhra Pradesh,April,March,144,Leaf Spot,Neem Oil Spray,DAP,58,72,
Spinach,Kranti,Zaid,Loamy,7,High,31,1553,90,Kerala,April,January,81,Wilt,Integrated Pest Management,DAP,34,69,
Spinach,Pratap Makka 5,Kharif,Alluvial,7.5,Medium,33,597,66,Odisha,October,May,169,Blight,Integrated Pest Management,DAP,117,82,
Spinach,RD 2552,Kharif,Clayey,7,High,28,2049,44,Andhra Pradesh,June,April,80,Wilt,Chemical Pesticide,Potash,71,70,
Spinach,Pusa Sawani,Annual,Black Soil,6.9,Low,21,1934,78,Telangana,September,November,185,Bacterial Blight,Crop Rotation,Nitrogen,113,95,
Spinach,Arka Rakshak,Annual,Clayey,7.1,Medium,28,984,56,Uttar Pradesh,July,December,150,Blight,Chemical Pesticide,DAP,42,91,
Spinach,Arka Anamika,Kharif,Loamy,6,Medium,35,1705,49,Telangana,March,September,124,Bacterial Blight,Neem Oil Spray,Compost,82,139,
Spinach,RT 46,Zaid,Alluvial,7.4,High,18,1049,90,Haryana,April,August,88,Wilt,Chemical Pesticide,Compost,57,90,
Spinach,Pusa Bold,Rabi,Alluvial,5.8,Medium,34,1045,81,Karnataka,June,March,77,Blight,Biological Control,NPK,103,135,
Strawberry,Arka Shirish,Annual,Black Soil,5.6,High,29,2131,75,Andhra Pradesh,August,February,139,Mildew,Neem Oil Spray,DAP,102,132,
Strawberry,Pusa Ruby,Kharif,Loamy,7.4,Medium,37,717,64,Gujarat,May,September,144,Leaf Spot,Crop Rotation,DAP,113,38,
Strawberry,Agrifound Light Red,Annual,Loamy,6,Medium,22,565,76,Maharashtra,March,July,117,Rust,Integrated Pest Management,Nitrogen,30,53,
Strawberry,CSH 14,Zaid,Black Soil,6,High,26,1800,90,Kerala,April,February,64,Rust,Chemical Pesticide,NPK,93,17,
Strawberry,RCH2 Bt,Annual,Sandy Loam,6.5,High,18,1044,44,West Bengal,September,February,121,Wilt,Integrated Pest Management,Nitrogen,26,107,
Strawberry,Kufri Chipsona 1,Zaid,Sandy Loam,5.7,Medium,21,1521,44,Rajasthan,December,May,139,Wilt,Integrated Pest Management,Potash,31,129,
Strawberry,Pusa Red,Kharif,Clayey,6,Low,36,1265,41,Andhra Pradesh,October,January,133,Mildew,Chemical Pesticide,NPK,112,138,
Strawberry,NCS 145 Bt,Zaid,Clayey,5.6,High,38,1937,86,Karnataka,February,January,185,Rust,Neem Oil Spray,Nitrogen,24,106,
Strawberry,Co 99004,Rabi,Loamy,6.8,Low,29,680,43,Karnataka,December,March,93,Blight,Chemical Pesticide,Potash,67,58,
Strawberry,Kufri Jyoti,Rabi,Sandy Loam,6.5,Medium,25,441,69,Kerala,October,July,95,Bacterial Blight,Crop Rotation,Potash,70,121,
Sugarcane,MTU1010,Annual,Black Soil,5.7,High,31,1922,56,Karnataka,May,August,95,Rust,Neem Oil Spray,Compost,37,11,
Sugarcane,TAG 24,Rabi,Clayey,6.5,High,24,330,75,Madhya Pradesh,November,September,152,Blight,Chemical Pesticide,Potash,60,137,
Sugarcane,N53,Kharif,Loamy,6.7,Low,22,1879,89,Maharashtra,November,January,159,Wilt,Crop Rotation,DAP,74,36,
Sugarcane,PU 31,Rabi,Sandy Loam,6.5,High,25,1016,57,Gujarat,November,May,156,Leaf Spot,Crop Rotation,Compost,79,83,
Sugarcane,Co 99004,Kharif,Loamy,6.8,High,20,661,73,Haryana,October,September,90,Blight,Neem Oil Spray,Compost,74,19,
Sugarcane,IR36,Kharif,Alluvial,6.9,Medium,22,1099,82,Tamil Nadu,December,December,122,Rust,Biological Control,DAP,79,71,
Sugarcane,JG 11,Zaid,Sandy Loam,7.4,Low,31,1722,87,Punjab,December,May,133,Bacterial Blight,Integrated Pest Management,Compost,35,113,
Sugarcane,Vivek QPM 9,Rabi,Black Soil,6.8,High,29,1043,67,Haryana,February,January,134,Wilt,Biological Control,Compost,92,109,
Sugarcane,HHB 67,Kharif,Loamy,5.9,Low,30,1370,71,Punjab,October,January,108,Rust,Neem Oil Spray,Nitrogen,39,80,
Sugarcane,ML 365,Rabi,Alluvial,7.2,Low,30,1259,54,Uttar Pradesh,May,July,166,Bacterial Blight,Integrated Pest Management,NPK,27,70,
Sunflower,IR64,Rabi,Sandy Loam,5.9,High,25,2033,66,Punjab,March,February,84,Blight,Neem Oil Spray,Nitrogen,55,12,
Sunflower,Rohini,Annual,Alluvial,7.5,Low,33,1260,75,Telangana,February,June,78,Blight,Neem Oil Spray,NPK,115,54,
Sunflower,PBW 343,Kharif,Sandy Loam,6.1,High,27,744,68,Uttar Pradesh,August,November,78,Mildew,Chemical Pesticide,Nitrogen,84,33,
Sunflower,Agrifound Light Red,Annual,Loamy,7.8,Low,35,497,56,Andhra Pradesh,September,July,150,Leaf Spot,Chemical Pesticide,Potash,68,91,
Sunflower,CSH 16,Rabi,Clayey,5.6,Low,36,1432,62,Bihar,October,May,156,Rust,Integrated Pest Management,Nitrogen,83,116,
Sunflower,HQPM 1,Annual,Loamy,6.2,Low,31,1159,75,Madhya Pradesh,September,April,199,Rust,Crop Rotation,Potash,35,122,
Sunflower,ICTP 8203,Kharif,Alluvial,5.6,Low,27,1790,51,Odisha,July,November,192,Blight,Crop Rotation,NPK,67,25,
Sunflower,JS 95-60,Rabi,Alluvial,6.5,Medium,34,1508,57,Tamil Nadu,November,July,73,Rust,Integrated Pest Management,NPK,72,72,
Sunflower,Vijay,Annual,Alluvial,6.8,High,32,1787,87,Telangana,October,May,82,Bacterial Blight,Biological Control,Potash,76,39,
Sunflower,Pusa Snowball,Annual,Sandy Loam,7.6,Medium,23,572,70,Madhya Pradesh,July,March,119,Rust,Integrated Pest Management,NPK,42,81,
Sweet Potato,ML 365,Annual,Clayey,7.3,Low,38,648,88,Madhya Pradesh,August,September,189,Blight,Neem Oil Spray,Compost,99,18,
Sweet Potato,Kranti,Rabi,Sandy Loam,6,High,28,1319,79,Punjab,May,January,137,Bacterial Blight,Crop Rotation,Nitrogen,106,25,
Sweet Potato,PU 31,Kharif,Clayey,5.6,Low,36,1657,70,Gujarat,January,December,118,Bacterial Blight,Crop Rotation,Compost,58,55,
Sweet Potato,RT 46,Annual,Clayey,7,High,23,715,67,West Bengal,June,May,109,Wilt,Crop Rotation,Nitrogen,54,33,
Sweet Potato,Pant U 19,Zaid,Alluvial,5.7,High,32,934,82,Punjab,March,September,134,Rust,Chemical Pesticide,Compost,96,43,
Sweet Potato,Agrifound Light Red,Zaid,Sandy Loam,5.8,Low,37,1141,85,Maharashtra,June,July,163,Bacterial Blight,Biological Control,DAP,67,65,
Sweet Potato,JG 11,Kharif,Clayey,7.7,Low,26,1395,76,Telangana,September,May,167,Mildew,Crop Rotation,Compost,105,30,
Sweet Potato,Pusa Masoor 5,Rabi,Loamy,6.4,High,38,1028,65,Punjab,June,November,117,Wilt,Chemical Pesticide,DAP,58,150,
Sweet Potato,Lok 1,Zaid,Clayey,6.1,Medium,34,1378,43,Maharashtra,August,November,108,Leaf Spot,Crop Rotation,DAP,99,84,
Sweet Potato,HD 2967,Rabi,Clayey,5.7,Low,26,1304,67,Haryana,February,May,61,Mildew,Chemical Pesticide,Nitrogen,44,47,
Taro,DPL 62,Rabi,Alluvial,6.7,Low,23,1704,50,Karnataka,January,June,159,Rust,Biological Control,Nitrogen,39,132,
Taro,ICTP 8203,Kharif,Clayey,6.1,Low,30,801,72,Telangana,September,October,60,Mildew,Neem Oil Spray,Compost,37,55,
Taro,HD 2967,Zaid,Alluvial,7.5,Medium,27,442,58,Rajasthan,June,October,190,Wilt,Integrated Pest Management,Compost,76,69,
Taro,Pratap Makka 5,Rabi,Black Soil,6,Low,32,644,82,Andhra Pradesh,November,December,154,Wilt,Crop Rotation,Potash,35,107,
Taro,Maruti,Annual,Black Soil,6.2,Low,32,794,80,Tamil Nadu,June,January,86,Rust,Chemical Pesticide,Compost,77,38,
Taro,Pusa Purple Long,Rabi,Sandy Loam,6.1,High,31,629,66,Rajasthan,October,November,64,Bacterial Blight,Integrated Pest Management,Nitrogen,65,125,
Taro,Pusa Bold,Zaid,Clayey,7.4,Low,25,1043,59,Maharashtra,April,November,147,Wilt,Integrated Pest Management,Potash,40,127,
Taro,Arka Vikas,Zaid,Black Soil,7.2,Medium,24,615,57,Punjab,August,September,158,Bacterial Blight,Crop Rotation,Nitrogen,62,15,
Taro,Agrifound Light Red,Rabi,Sandy Loam,6,Medium,35,494,66,Rajasthan,August,March,189,Wilt,Chemical Pesticide,Compost,38,11,
Taro,IR64,Zaid,Clayey,7.7,Low,31,577,64,Karnataka,October,August,105,Blight,Crop Rotation,Compost,67,77,
Tea,Lok 1,Zaid,Sandy Loam,5.8,Low,24,1705,71,Punjab,June,July,115,Blight,Neem Oil Spray,Nitrogen,66,78,
Tea,Co 0118,Rabi,Black Soil,5.9,High,28,581,60,Tamil Nadu,October,June,107,Blight,Biological Control,DAP,104,101,
Tea,TC 25,Zaid,Clayey,5.7,Low,18,485,85,Maharashtra,August,July,165,Bacterial Blight,Chemical Pesticide,Compost,48,28,
Tea,DBW 17,Rabi,Loamy,7.3,High,21,487,67,Rajasthan,February,October,119,Leaf Spot,Integrated Pest Management,Nitrogen,40,46,
Tea,Arka Shirish,Zaid,Black Soil,7.5,Low,35,1613,52,Bihar,December,April,164,Blight,Integrated Pest Management,Potash,65,18,
Tea,TAG 24,Annual,Black Soil,6.5,Low,24,1931,88,Maharashtra,August,May,189,Blight,Chemical Pesticide,DAP,61,34,
Tea,NRC 37,Kharif,Clayey,6.1,Medium,21,1736,72,Telangana,December,December,118,Blight,Crop Rotation,DAP,33,110,
Tea,Kadiri 6,Annual,Black Soil,6.6,Low,26,1957,76,Gujarat,April,June,134,Rust,Neem Oil Spray,DAP,87,36,
Tea,JS 335,Annual,Alluvial,6.5,Medium,31,771,60,Punjab,February,November,198,Wilt,Neem Oil Spray,DAP,115,103,
Tea,JS 95-60,Annual,Sandy Loam,5.8,High,19,680,79,Haryana,April,April,165,Leaf Spot,Chemical Pesticide,Potash,59,93,
Tobacco,T9,Annual,Sandy Loam,5.8,High,33,1239,41,Tamil Nadu,March,September,192,Leaf Spot,Integrated Pest Management,NPK,33,109,
Tobacco,RHB 121,Rabi,Loamy,5.8,Medium,36,1187,51,Haryana,January,May,130,Leaf Spot,Neem Oil Spray,Compost,63,111,
Tobacco,RD 2552,Zaid,Clayey,6.9,High,27,2178,87,Telangana,September,May,188,Bacterial Blight,Integrated Pest Management,Potash,33,101,
Tobacco,Pusa Masoor 5,Zaid,Black Soil,6.8,High,18,1727,56,Punjab,October,June,166,Blight,Biological Control,NPK,49,113,
Tobacco,Kranti,Zaid,Sandy Loam,5.9,Low,34,1302,66,Madhya Pradesh,June,March,101,Rust,Biological Control,Potash,68,26,
Tobacco,Co 0238,Annual,Sandy Loam,7.1,Low,30,1285,75,Tamil Nadu,February,September,199,Rust,Neem Oil Spray,DAP,37,71,
Tobacco,Asha,Zaid,Black Soil,7.4,Low,24,1187,44,West Bengal,January,August,190,Rust,Integrated Pest Management,NPK,42,71,
Tobacco,CSV 15,Rabi,Black Soil,7,Medium,22,782,41,Karnataka,November,June,151,Bacterial Blight,Crop Rotation,NPK,89,58,
Tobacco,SML 668,Kharif,Clayey,7.1,Low,26,1118,85,Kerala,February,June,63,Rust,Integrated Pest Management,Potash,114,57,
Tobacco,Mallika Bt,Kharif,Sandy Loam,6.1,High,29,1328,69,Madhya Pradesh,October,May,96,Wilt,Biological Control,Potash,101,145,
Tomato,Pusa Basmati 1509,Annual,Loamy,7.4,Medium,36,994,68,Rajasthan,March,July,154,Blight,Crop Rotation,Nitrogen,120,38,
Tomato,Pusa Rohini,Annual,Loamy,6.5,High,21,1794,83,Telangana,December,February,73,Wilt,Biological Control,Compost,64,143,
Tomato,Kadiri 6,Annual,Black Soil,7.2,Medium,26,312,80,Bihar,November,January,191,Wilt,Integrated Pest Management,Potash,68,63,
Tomato,KBSH 1,Rabi,Clayey,6.5,Medium,21,550,88,Tamil Nadu,October,November,139,Mildew,Biological Control,DAP,28,13,
Tomato,WH 1105,Zaid,Alluvial,7.6,Medium,35,1764,55,Uttar Pradesh,February,July,170,Bacterial Blight,Integrated Pest Management,Potash,29,142,
Tomato,Ganga 5,Kharif,Sandy Loam,6.4,Medium,23,1991,65,Telangana,January,July,76,Blight,Neem Oil Spray,Nitrogen,47,44,
Tomato,Rohini,Zaid,Clayey,7.1,High,31,1124,46,Kerala,May,December,92,Leaf Spot,Chemical Pesticide,Compost,116,34,
Tomato,Kufri Jyoti,Zaid,Black Soil,7.8,High,33,368,45,Odisha,March,July,182,Bacterial Blight,Biological Control,Nitrogen,37,27,
Tomato,Pusa Drumhead,Rabi,Sandy Loam,7,Low,28,757,65,Andhra Pradesh,November,August,151,Blight,Chemical Pesticide,Potash,99,143,
Tomato,MTU1010,Annual,Black Soil,7.1,Medium,32,1547,75,Telangana,October,April,192,Rust,Crop Rotation,Compost,21,83,
Tulsi,PU 31,Annual,Black Soil,6.5,Medium,33,971,58,West Bengal,August,April,94,Mildew,Integrated Pest Management,Nitrogen,29,77,
Tulsi,Pusa Chetki,Zaid,Loamy,5.5,High,35,365,44,Tamil Nadu,June,January,129,Leaf Spot,Crop Rotation,NPK,59,145,
Tulsi,Arka Rakshak,Kharif,Sandy Loam,6.5,Medium,20,423,47,West Bengal,February,September,126,Rust,Chemical Pesticide,Compost,28,64,
Tulsi,Vivek QPM 9,Rabi,Black Soil,6,Low,31,703,56,Gujarat,July,October,147,Leaf Spot,Biological Control,DAP,22,38,
Tulsi,TMV 7,Rabi,Black Soil,6,Low,25,1262,53,Rajasthan,January,July,70,Blight,Neem Oil Spray,Compost,79,146,
Tulsi,ADT 43,Rabi,Sandy Loam,7.7,Medium,37,1547,69,Punjab,March,May,118,Rust,Integrated Pest Management,Nitrogen,28,113,
Tulsi,RCH2 Bt,Zaid,Sandy Loam,7.2,High,18,1870,76,Telangana,March,February,64,Rust,Integrated Pest Management,Compost,77,117,
Tulsi,Arka Nidhi,Kharif,Loamy,6.9,Low,24,605,67,Madhya Pradesh,March,August,93,Wilt,Biological Control,Compost,95,13,
Tulsi,Morden,Rabi,Clayey,5.7,Low,18,702,53,Karnataka,August,May,100,Wilt,Integrated Pest Management,Nitrogen,50,101,
Tulsi,Pusa Sawani,Rabi,Alluvial,6.7,High,31,1481,43,Haryana,September,November,79,Mildew,Crop Rotation,Potash,119,55,
Turmeric,IR64,Rabi,Sandy Loam,7,High,35,1040,68,Kerala,June,March,126,Leaf Spot,Neem Oil Spray,Compost,90,60,
Turmeric,MACS 450,Zaid,Alluvial,6.8,Low,27,311,88,Tamil Nadu,February,April,124,Blight,Chemical Pesticide,DAP,93,80,
Turmeric,PBW 343,Rabi,Clayey,6,Medium,19,1419,70,Rajasthan,June,August,131,Rust,Neem Oil Spray,NPK,23,66,
Turmeric,TC 25,Rabi,Loamy,5.8,Medium,36,1478,90,Andhra Pradesh,December,November,118,Rust,Neem Oil Spray,Potash,63,133,
Turmeric,KBSH 41,Zaid,Alluvial,6.2,High,19,1525,42,Tamil Nadu,January,October,128,Rust,Integrated Pest Management,Potash,76,51,
Turmeric,Pusa Ruby,Annual,Black Soil,7.8,Medium,23,2009,49,Bihar,August,May,160,Wilt,Neem Oil Spray,NPK,77,25,
Turmeric,HHB 67,Zaid,Loamy,7.6,Low,33,1415,43,Haryana,May,September,64,Leaf Spot,Chemical Pesticide,Compost,91,47,
Turmeric,JG 11,Rabi,Alluvial,6.3,Low,33,1466,53,Andhra Pradesh,February,March,60,Mildew,Chemical Pesticide,NPK,27,144,
Turmeric,CSV 20,Rabi,Alluvial,6.8,High,35,471,68,Punjab,June,December,123,Mildew,Crop Rotation,DAP,66,121,
Turmeric,Varsha Uphar,Zaid,Clayey,7,Medium,29,1121,81,Rajasthan,May,May,192,Leaf Spot,Integrated Pest Management,Potash,36,51,
Vanilla,Pusa Ruby,Kharif,Black Soil,7.4,High,38,923,56,Bihar,April,January,154,Bacterial Blight,Neem Oil Spray,DAP,55,117,
Vanilla,GPU 45,Annual,Loamy,5.7,High,20,1264,55,Punjab,October,January,73,Mildew,Biological Control,NPK,87,89,
Vanilla,DPL 62,Rabi,Loamy,7.4,High,29,488,52,Kerala,February,May,148,Blight,Chemical Pesticide,Compost,51,26,
Vanilla,Agrifound Light Red,Zaid,Sandy Loam,7.7,High,38,612,58,Tamil Nadu,April,February,98,Mildew,Biological Control,NPK,76,57,
Vanilla,MACS 450,Kharif,Alluvial,6.5,High,37,1332,87,Bihar,February,April,123,Blight,Neem Oil Spray,DAP,103,113,
Vanilla,T 13,Rabi,Loamy,5.8,High,24,1866,60,Punjab,April,July,105,Bacterial Blight,Integrated Pest Management,Compost,67,140,
Vanilla,Co 99004,Zaid,Sandy Loam,6.8,High,23,1033,52,Maharashtra,April,October,191,Rust,Chemical Pesticide,Compost,69,39,
Vanilla,Morden,Kharif,Alluvial,6.3,Low,35,342,57,Telangana,October,September,75,Bacterial Blight,Biological Control,Compost,62,91,
Vanilla,Arka Rakshak,Zaid,Loamy,5.6,High,23,1258,57,Telangana,October,August,63,Bacterial Blight,Biological Control,NPK,57,39,
Vanilla,PL 406,Kharif,Black Soil,7.7,Medium,26,333,50,West Bengal,January,February,189,Blight,Integrated Pest Management,Potash,113,20,
Watermelon,ICPL 87119,Annual,Sandy Loam,6.3,High,24,2181,55,Gujarat,September,January,165,Bacterial Blight,Biological Control,Compost,102,53,
Watermelon,CO 2,Annual,Loamy,7.3,Low,20,1846,45,West Bengal,January,October,91,Mildew,Neem Oil Spray,Potash,42,114,
Watermelon,T9,Rabi,Alluvial,6.5,High,26,1423,69,Odisha,July,November,97,Rust,Chemical Pesticide,Compost,74,29,
Watermelon,N53,Rabi,Black Soil,6.5,Medium,38,987,69,Odisha,June,November,66,Rust,Integrated Pest Management,Potash,85,79,
Watermelon,TC 25,Zaid,Black Soil,5.8,Medium,19,309,46,Gujarat,December,January,178,Wilt,Biological Control,NPK,80,147,
Watermelon,Co 0118,Rabi,Clayey,7,Low,28,1345,88,Gujarat,May,November,69,Wilt,Integrated Pest Management,Compost,97,139,
Watermelon,PU 31,Annual,Black Soil,6.6,High,29,2171,67,Telangana,December,April,119,Leaf Spot,Chemical Pesticide,NPK,39,56,
Watermelon,HD 2967,Rabi,Sandy Loam,5.7,Low,38,1684,48,Punjab,January,December,91,Wilt,Chemical Pesticide,Nitrogen,59,62,
Watermelon,Pusa Sawani,Annual,Black Soil,7.2,Medium,20,1973,73,Telangana,January,September,115,Blight,Crop Rotation,DAP,49,134,
Watermelon,Kufri Chipsona 1,Kharif,Sandy Loam,6.5,Low,23,2107,56,Madhya Pradesh,March,February,95,Wilt,Chemical Pesticide,DAP,84,24,
Wheat,T 13,Annual,Clayey,6.3,Medium,30,1618,41,Gujarat,December,October,194,Leaf Spot,Biological Control,Compost,69,64,
Wheat,Arka Anamika,Zaid,Loamy,7.5,Medium,38,523,48,Karnataka,February,December,195,Mildew,Biological Control,Nitrogen,69,21,
Wheat,Bhima Super,Rabi,Sandy Loam,6.1,Low,34,1006,44,West Bengal,December,February,124,Mildew,Neem Oil Spray,Compost,95,46,
Wheat,Vivek QPM 9,Zaid,Black Soil,6.2,High,19,1028,86,Rajasthan,July,December,152,Leaf Spot,Neem Oil Spray,DAP,52,111,
Wheat,Pusa Vishal,Zaid,Alluvial,7.1,High,22,472,84,Haryana,May,August,148,Leaf Spot,Crop Rotation,DAP,88,73,
Wheat,Kufri Pukhraj,Annual,Sandy Loam,7.8,Medium,21,596,43,Rajasthan,May,January,171,Mildew,Crop Rotation,Compost,59,41,
Wheat,Bunny Bt,Kharif,Sandy Loam,5.7,Low,30,1817,81,Tamil Nadu,July,August,120,Leaf Spot,Integrated Pest Management,Nitrogen,87,22,
Wheat,HD 2967,Zaid,Black Soil,5.6,Low,31,699,71,Haryana,July,December,74,Mildew,Neem Oil Spray,Nitrogen,68,127,
Wheat,RHB 121,Kharif,Black Soil,6.8,Low,29,2003,45,Uttar Pradesh,October,November,135,Rust,Crop Rotation,Potash,115,72,
Wheat,Pusa Snowball,Annual,Sandy Loam,5.7,Medium,29,1990,64,Karnataka,June,December,195,Bacterial Blight,Crop Rotation,Compost,88,20,
Amaranth,TAG 24,Zaid,Clayey,6.1,Low,31,2157,79,Odisha,February,July,120,Wilt,Crop Rotation,DAP,62,12,
Amaranth,Japanese White,Rabi,Alluvial,6.4,Low,27,1573,47,Haryana,March,October,105,Rust,Chemical Pesticide,Potash,30,93,
Amaranth,Pusa Purple Long,Kharif,Black Soil,7.3,High,26,420,83,Andhra Pradesh,September,February,168,Rust,Biological Control,DAP,30,42,
Amaranth,PDM 139,Annual,Loamy,6.2,High,31,1780,65,Odisha,February,November,150,Rust,Chemical Pesticide,Nitrogen,88,22,
Amaranth,Pusa Kranti,Zaid,Sandy Loam,5.8,High,37,1401,56,Karnataka,October,November,193,Leaf Spot,Biological Control,Compost,51,109,
Amaranth,Kadiri 6,Zaid,Loamy,7.6,High,29,1539,54,Bihar,September,March,115,Bacterial Blight,Chemical Pesticide,Compost,80,60,
Amaranth,Nantes,Kharif,Black Soil,7.6,Low,19,2081,86,Gujarat,July,June,186,Bacterial Blight,Integrated Pest Management,Nitrogen,26,91,
Amaranth,HQPM 1,Annual,Alluvial,6.2,High,32,1427,84,West Bengal,October,October,130,Wilt,Biological Control,Nitrogen,51,46,
Amaranth,PU 31,Zaid,Alluvial,6.2,Medium,26,1300,48,Bihar,January,September,164,Wilt,Neem Oil Spray,Compost,103,75,
Amaranth,JS 95-60,Zaid,Loamy,7.7,High,25,1097,56,Karnataka,December,August,154,Blight,Biological Control,Potash,93,58,
Quinoa,TC 25,Zaid,Clayey,7.7,Low,25,1243,75,West Bengal,June,April,68,Leaf Spot,Biological Control,NPK,67,60,
Quinoa,IR64,Rabi,Black Soil,6,Low,31,703,56,Gujarat,July,October,147,Leaf Spot,Biological Control,DAP,22,38,
Quinoa,JG 14,Annual,Loamy,6.9,High,22,1585,63,Madhya Pradesh,December,August,63,Bacterial Blight,Neem Oil Spray,NPK,48,137,
Quinoa,RCH2 Bt,Rabi,Black Soil,5.7,High,25,621,80,Telangana,March,November,67,Wilt,Chemical Pesticide,DAP,120,106,
Quinoa,RT 46,Rabi,Loamy,6.8,High,36,1872,59,Gujarat,December,June,134,Wilt,Biological Control,Compost,99,140,
Quinoa,Pusa Chetki,Kharif,Black Soil,7.7,Low,32,563,48,Telangana,May,September,144,Blight,Integrated Pest Management,NPK,82,50,
Quinoa,CO 2,Kharif,Sandy Loam,7.1,Low,36,940,88,Bihar,May,June,85,Leaf Spot,Neem Oil Spray,Potash,113,41,
Quinoa,LBG 20,Kharif,Black Soil,7.1,Low,19,1887,87,Andhra Pradesh,March,July,188,Mildew,Chemical Pesticide,Nitrogen,45,60,
Quinoa,Vijay,Rabi,Clayey,7.6,Low,20,1246,49,Kerala,December,August,156,Mildew,Crop Rotation,Potash,103,128,
Quinoa,Pusa Kesar,Annual,Black Soil,6,Medium,34,409,83,Uttar Pradesh,October,July,168,Wilt,Biological Control,Potash,119,49,
Buckwheat,Co 99004,Kharif,Black Soil,6.2,High,35,759,67,Karnataka,July,December,127,Leaf Spot,Neem Oil Spray,Nitrogen,43,41,
Buckwheat,Pant Shubhra,Kharif,Alluvial,7.5,Medium,33,597,66,Odisha,October,May,169,Blight,Integrated Pest Management,DAP,117,82,
Buckwheat,JG 14,Kharif,Clayey,6,Medium,35,496,59,Tamil Nadu,May,April,180,Blight,Integrated Pest Management,Compost,49,71,
Buckwheat,PL 406,Annual,Clayey,5.9,Medium,20,2123,58,Maharashtra,April,November,132,Bacterial Blight,Integrated Pest Management,Compost,94,37,
Buckwheat,HD 3086,Zaid,Black Soil,6.3,High,30,1060,88,Odisha,December,August,199,Wilt,Crop Rotation,Nitrogen,51,72,
Buckwheat,Bunny Bt,Rabi,Loamy,5.8,Medium,36,1478,90,Andhra Pradesh,December,November,118,Rust,Neem Oil Spray,Potash,63,133,
Buckwheat,Varuna,Kharif,Sandy Loam,5.7,Medium,25,398,66,Kerala,June,October,161,Blight,Crop Rotation,DAP,54,16,
Buckwheat,PDM 139,Rabi,Sandy Loam,6.3,High,26,1628,87,Gujarat,December,April,78,Rust,Integrated Pest Management,DAP,31,149,
Buckwheat,Agrifound Light Red,Zaid,Sandy Loam,6.1,Medium,20,1424,46,Andhra Pradesh,December,September,111,Bacterial Blight,Biological Control,Potash,68,90,
Buckwheat,WH 1105,Annual,Loamy,7.3,Low,20,1846,45,West Bengal,January,October,91,Mildew,Neem Oil Spray,Potash,42,114,
Teff,Ganga 5,Zaid,Black Soil,7.2,Medium,24,615,57,Punjab,August,September,158,Bacterial Blight,Crop Rotation,Nitrogen,62,15,
Teff,Arka Shirish,Zaid,Black Soil,5.9,High,19,722,62,Tamil Nadu,March,May,199,Leaf Spot,Neem Oil Spray,Potash,94,106,
Teff,Pusa Kranti,Kharif,Black Soil,6.6,High,22,1104,65,Punjab,March,January,87,Blight,Neem Oil Spray,Compost,68,88,
Teff,Co 99004,Rabi,Clayey,7.1,Medium,35,323,70,Telangana,December,March,140,Bacterial Blight,Biological Control,NPK,46,118,
Teff,Pusa Red,Rabi,Clayey,7.2,Medium,29,1947,90,Karnataka,May,May,146,Rust,Chemical Pesticide,DAP,77,120,
Teff,Pusa Sawani,Rabi,Alluvial,6.1,High,21,1580,81,Telangana,July,July,102,Wilt,Integrated Pest Management,NPK,50,135,
Teff,HD 2967,Annual,Black Soil,6.6,Low,26,1957,76,Gujarat,April,June,134,Rust,Neem Oil Spray,DAP,87,36,
Teff,JS 335,Zaid,Sandy Loam,6.2,High,38,1784,62,Maharashtra,October,November,88,Wilt,Chemical Pesticide,DAP,67,25,
Teff,Co 86032,Rabi,Loamy,6.4,Low,37,1649,56,Bihar,January,April,66,Mildew,Crop Rotation,DAP,86,104,
Teff,Pusa Vishal,Kharif,Loamy,5.7,Low,34,2197,75,Kerala,November,February,132,Leaf Spot,Neem Oil Spray,DAP,66,146,
Canola,Varsha Uphar,Kharif,Black Soil,6.6,Low,21,1918,74,Maharashtra,March,October,128,Blight,Neem Oil Spray,NPK,120,15,
Canola,IR64,Annual,Clayey,5.9,High,23,1561,51,Bihar,January,May,157,Rust,Chemical Pesticide,Nitrogen,65,149,
Canola,Pusa Purple Long,Rabi,Loamy,6.8,Low,28,918,49,Andhra Pradesh,August,October,195,Blight,Crop Rotation,Nitrogen,76,70,
Canola,KBSH 1,Rabi,Sandy Loam,6.9,High,37,1368,40,Andhra Pradesh,June,October,142,Bacterial Blight,Biological Control,Potash,32,71,
Canola,Samba Mahsuri,Zaid,Sandy Loam,6,Medium,31,1871,81,Telangana,June,May,99,Mildew,Chemical Pesticide,Potash,83,32,
Canola,LBG 20,Zaid,Alluvial,7.6,High,22,1521,76,Haryana,July,August,194,Mildew,Biological Control,Compost,38,101,
Canola,PU 31,Annual,Alluvial,7.5,Low,33,1260,75,Telangana,February,June,78,Blight,Neem Oil Spray,NPK,115,54,
Canola,GPU 45,Annual,Clayey,6,Low,36,1837,77,Rajasthan,July,May,97,Bacterial Blight,Chemical Pesticide,Compost,56,32,
Canola,Pusa Rohini,Kharif,Black Soil,6.4,Low,22,2187,47,Kerala,March,November,88,Bacterial Blight,Integrated Pest Management,NPK,97,45,
Canola,CSV 20,Rabi,Black Soil,5.5,High,19,1667,63,Telangana,March,March,63,Leaf Spot,Integrated Pest Management,DAP,106,17,
Chia,RT 46,Annual,Sandy Loam,7,High,31,1790,53,Maharashtra,May,February,109,Bacterial Blight,Integrated Pest Management,Compost,34,113,
Chia,Arka Rakshak,Rabi,Sandy Loam,6.1,High,31,629,66,Rajasthan,October,November,64,Bacterial Blight,Integrated Pest Management,Nitrogen,65,125,
Chia,KBSH 41,Rabi,Black Soil,5.5,Medium,35,683,48,Madhya Pradesh,February,January,184,Leaf Spot,Biological Control,NPK,116,51,
Chia,Co 99004,Rabi,Black Soil,6.9,High,27,1462,52,Rajasthan,September,January,175,Bacterial Blight,Chemical Pesticide,NPK,96,70,
Chia,Maruti,Annual,Black Soil,5.6,Medium,32,1813,87,Bihar,December,August,163,Wilt,Chemical Pesticide,Compost,85,122,
Chia,Samba Mahsuri,Zaid,Alluvial,7,Low,29,1108,72,Andhra Pradesh,April,March,144,Leaf Spot,Neem Oil Spray,DAP,58,72,
Chia,PBW 343,Kharif,Black Soil,6.1,Medium,25,658,43,Karnataka,February,May,178,Bacterial Blight,Crop Rotation,Potash,64,130,
Chia,GPU 45,Zaid,Black Soil,6,High,26,1800,90,Kerala,April,February,64,Rust,Chemical Pesticide,NPK,93,17,
Chia,GPU 28,Annual,Black Soil,7.3,High,32,340,81,Uttar Pradesh,April,April,192,Bacterial Blight,Crop Rotation,Potash,52,52,
Chia,GG 20,Kharif,Sandy Loam,7,Medium,38,1020,46,Kerala,July,December,196,Bacterial Blight,Biological Control,NPK,66,48,
Hemp,Pusa Masoor 5,Kharif,Loamy,6.4,High,27,1163,67,Rajasthan,September,March,105,Rust,Biological Control,NPK,60,92,
Hemp,HQPM 1,Annual,Sandy Loam,7.7,Medium,26,2039,53,Punjab,January,March,169,Wilt,Neem Oil Spray,DAP,89,39,
Hemp,GG 20,Zaid,Black Soil,7,High,24,1422,47,Andhra Pradesh,August,December,113,Mildew,Integrated Pest Management,Compost,21,50,
Hemp,UPAS 120,Kharif,Black Soil,7.2,High,34,757,80,Punjab,July,June,84,Rust,Neem Oil Spray,Potash,51,118,
Hemp,Kufri Jyoti,Kharif,Loamy,7,Medium,37,409,71,Andhra Pradesh,March,June,149,Bacterial Blight,Chemical Pesticide,NPK,82,142,
Hemp,DHM 117,Zaid,Clayey,6.1,Medium,34,1378,43,Maharashtra,August,November,108,Leaf Spot,Crop Rotation,DAP,99,84,
Hemp,Samrat,Zaid,Black Soil,5.9,High,19,722,62,Tamil Nadu,March,May,199,Leaf Spot,Neem Oil Spray,Potash,94,106,
Hemp,RD 2668,Zaid,Loamy,6.9,Low,38,773,77,Telangana,June,April,89,Leaf Spot,Biological Control,Compost,119,137,
Hemp,JL 24,Annual,Sandy Loam,6.8,Medium,34,1849,59,Bihar,December,August,127,Blight,Neem Oil Spray,Compost,103,34,
Hemp,Pusa Kesar,Annual,Black Soil,7.1,Low,23,1476,85,Karnataka,April,August,77,Blight,Neem Oil Spray,Potash,58,117,
Flax,Asha,Annual,Loamy,6.4,Medium,32,2157,85,Tamil Nadu,October,January,129,Blight,Crop Rotation,Nitrogen,68,84,
Flax,Maruti,Rabi,Loamy,7.3,High,21,487,67,Rajasthan,February,October,119,Leaf Spot,Integrated Pest Management,Nitrogen,40,46,
Flax,CSH 14,Rabi,Sandy Loam,6.6,Low,27,457,68,Karnataka,November,June,176,Bacterial Blight,Biological Control,Potash,73,75,
Flax,Co 86032,Kharif,Loamy,7,Low,33,1039,53,Odisha,August,August,181,Mildew,Neem Oil Spray,Potash,60,148,
Flax,TMV 7,Zaid,Clayey,7.7,Low,25,1243,75,West Bengal,June,April,68,Leaf Spot,Biological Control,NPK,67,60,
Flax,Golden Acre,Rabi,Clayey,5.8,High,23,1033,51,West Bengal,July,December,79,Wilt,Biological Control,Potash,93,103,
Flax,Nantes,Zaid,Sandy Loam,6.1,High,24,340,60,Telangana,August,March,183,Leaf Spot,Integrated Pest Management,Potash,108,84,
Flax,GPU 28,Kharif,Sandy Loam,6.3,High,38,844,71,Tamil Nadu,November,December,141,Blight,Biological Control,Potash,43,11,
Flax,HHB 67,Annual,Black Soil,6,Medium,34,409,83,Uttar Pradesh,October,July,168,Wilt,Biological Control,Potash,119,49,
Flax,Pratap Makka 5,Rabi,Clayey,7.5,Medium,24,1427,48,Telangana,August,May,130,Mildew,Biological Control,Compost,65,124,
Ramie,ML 365,Rabi,Sandy Loam,5.7,Low,34,1424,53,Punjab,July,May,134,Bacterial Blight,Neem Oil Spray,NPK,31,65,
Ramie,CSH 16,Zaid,Clayey,7.1,High,31,1124,46,Kerala,May,December,92,Leaf Spot,Chemical Pesticide,Compost,116,34,
Ramie,CSV 15,Kharif,Clayey,5.6,Low,36,1657,70,Gujarat,January,December,118,Bacterial Blight,Crop Rotation,Compost,58,55,
Ramie,Samrat,Annual,Clayey,5.9,Low,25,1251,76,Telangana,November,July,156,Leaf Spot,Biological Control,Potash,116,117,
Ramie,MTU1010,Kharif,Sandy Loam,5.6,Medium,29,1000,67,Punjab,March,February,188,Rust,Crop Rotation,Nitrogen,107,45,
Ramie,Pusa Rohini,Annual,Alluvial,7.7,Medium,34,1610,43,Tamil Nadu,November,July,156,Mildew,Crop Rotation,Nitrogen,67,124,
Ramie,RD 2552,Zaid,Clayey,7,Low,28,496,86,Telangana,February,January,127,Leaf Spot,Neem Oil Spray,DAP,94,127,
Ramie,HQPM 1,Annual,Black Soil,6,High,32,1878,44,Tamil Nadu,November,October,87,Wilt,Crop Rotation,Nitrogen,40,91,
Ramie,Pusa Masoor 5,Kharif,Clayey,6.7,Low,25,862,61,Telangana,October,May,63,Wilt,Biological Control,Potash,118,21,
Ramie,Bunny Bt,Annual,Loamy,5.5,Low,30,1265,46,Uttar Pradesh,October,December,108,Wilt,Biological Control,Nitrogen,65,146,
Kenaf,TC 25,Zaid,Alluvial,6.7,Medium,21,666,54,Haryana,December,February,118,Blight,Chemical Pesticide,Compost,114,99,
Kenaf,Co 0118,Kharif,Black Soil,5.9,Medium,38,834,86,Uttar Pradesh,June,January,162,Mildew,Neem Oil Spray,Compost,104,26,
Kenaf,Co 86032,Annual,Sandy Loam,6.4,Medium,31,1383,44,Karnataka,March,May,135,Mildew,Crop Rotation,Nitrogen,70,56,
Kenaf,TMV 7,Annual,Clayey,7.7,Low,24,2068,82,Bihar,February,April,111,Rust,Crop Rotation,Potash,74,103,
Kenaf,Morden,Kharif,Black Soil,7,Medium,23,1978,42,Uttar Pradesh,February,July,79,Leaf Spot,Integrated Pest Management,DAP,60,16,
Kenaf,HD 2967,Kharif,Black Soil,6.8,Medium,23,1827,58,Haryana,August,October,133,Blight,Neem Oil Spray,Nitrogen,113,62,
Kenaf,Pusa Rohini,Kharif,Black Soil,6.8,Low,30,1367,43,Karnataka,April,October,200,Wilt,Biological Control,DAP,59,96,
Kenaf,Bhima Super,Zaid,Black Soil,7,High,24,1422,47,Andhra Pradesh,August,December,113,Mildew,Integrated Pest Management,Compost,21,50,
Kenaf,IR36,Kharif,Black Soil,7.4,High,28,1901,90,Tamil Nadu,February,September,91,Bacterial Blight,Neem Oil Spray,DAP,72,34,
Kenaf,RD 2668,Annual,Sandy Loam,7.7,Medium,26,2039,53,Punjab,January,March,169,Wilt,Neem Oil Spray,DAP,89,39,
Plantain,Co 0238,Annual,Clayey,7.7,Low,24,2068,82,Bihar,February,April,111,Rust,Crop Rotation,Potash,74,103,
Plantain,Arka Rakshak,Kharif,Clayey,6.1,Medium,21,1736,72,Telangana,December,December,118,Blight,Crop Rotation,DAP,33,110,
Plantain,Pusa Vishal,Zaid,Alluvial,5.7,Low,33,1983,51,Kerala,June,September,77,Leaf Spot,Chemical Pesticide,Compost,32,13,
Plantain,Pant Shubhra,Rabi,Loamy,6.9,Low,36,1442,68,Madhya Pradesh,December,March,139,Rust,Crop Rotation,Nitrogen,80,116,
Plantain,SML 668,Annual,Sandy Loam,6.9,Low,36,2187,65,Rajasthan,November,November,181,Rust,Crop Rotation,DAP,87,140,
Plantain,Pusa Basmati 1121,Annual,Alluvial,5.6,Low,24,950,40,Haryana,November,April,184,Rust,Integrated Pest Management,Potash,44,83,
Plantain,ADT 43,Rabi,Sandy Loam,7.8,Medium,29,1201,83,Tamil Nadu,January,June,74,Rust,Crop Rotation,Compost,111,100,
Plantain,LBG 20,Rabi,Sandy Loam,6.2,Medium,19,1912,53,Kerala,May,May,173,Rust,Crop Rotation,DAP,39,15,
Plantain,CSH 14,Zaid,Clayey,5.7,Low,18,1028,75,Telangana,October,May,73,Blight,Chemical Pesticide,Compost,20,102,
Plantain,Morden,Rabi,Loamy,6.8,Low,29,680,43,Karnataka,December,March,93,Blight,Chemical Pesticide,Potash,67,58,
Custard Apple,Co 86032,Rabi,Black Soil,7.2,Medium,33,1628,61,Tamil Nadu,April,September,111,Leaf Spot,Biological Control,Nitrogen,107,97,
Custard Apple,Kalyan Sona,Annual,Loamy,6,Medium,22,565,76,Maharashtra,March,July,117,Rust,Integrated Pest Management,Nitrogen,30,53,
Custard Apple,T9,Annual,Loamy,6.2,High,35,1711,62,Madhya Pradesh,February,May,70,Rust,Integrated Pest Management,NPK,65,148,
Custard Apple,ICPL 87119,Annual,Black Soil,6.2,High,24,1091,79,Bihar,September,January,86,Leaf Spot,Chemical Pesticide,Potash,117,45,
Custard Apple,Japanese White,Zaid,Sandy Loam,5.7,Low,19,1315,46,Haryana,September,August,82,Rust,Biological Control,Nitrogen,87,107,
Custard Apple,Arka Rakshak,Annual,Clayey,6.7,Medium,31,582,66,Tamil Nadu,December,February,93,Rust,Crop Rotation,Potash,32,64,
Custard Apple,PDM 139,Rabi,Black Soil,6.4,High,20,970,42,West Bengal,April,August,137,Leaf Spot,Crop Rotation,Potash,116,68,
Custard Apple,Samrat,Kharif,Clayey,5.8,High,18,1492,65,Karnataka,September,June,70,Mildew,Chemical Pesticide,DAP,52,103,
Custard Apple,Pusa Bold,Zaid,Loamy,5.9,Medium,27,1080,52,Odisha,January,September,117,Wilt,Neem Oil Spray,NPK,21,107,
Custard Apple,Co 99004,Zaid,Sandy Loam,7.5,Low,38,364,40,Gujarat,December,October,199,Bacterial Blight,Crop Rotation,Nitrogen,29,86,
Sapota,Pusa Red,Rabi,Alluvial,6.5,Medium,34,1508,57,Tamil Nadu,November,July,73,Rust,Integrated Pest Management,NPK,72,72,
Sapota,RT 46,Rabi,Loamy,7,Medium,34,465,47,West Bengal,October,May,67,Mildew,Crop Rotation,Nitrogen,29,95,
Sapota,TC 25,Zaid,Loamy,6.8,High,22,471,68,Maharashtra,October,December,150,Leaf Spot,Neem Oil Spray,Potash,64,64,
Sapota,Pusa Drumhead,Annual,Loamy,6.7,High,18,1292,44,Odisha,April,May,62,Blight,Integrated Pest Management,Compost,74,133,
Sapota,PBW 343,Rabi,Clayey,6.1,High,32,1987,59,Karnataka,December,August,72,Bacterial Blight,Biological Control,Potash,64,123,
Sapota,NRC 37,Kharif,Black Soil,7.6,Medium,29,503,49,Uttar Pradesh,May,June,168,Rust,Chemical Pesticide,Potash,58,126,
Sapota,T 13,Zaid,Clayey,6.1,Low,31,2157,79,Odisha,February,July,120,Wilt,Crop Rotation,DAP,62,12,
Sapota,Pusa Basmati 1121,Rabi,Alluvial,6,High,29,332,43,Madhya Pradesh,August,August,144,Bacterial Blight,Neem Oil Spray,NPK,61,34,
Sapota,KBSH 1,Zaid,Black Soil,7.5,Low,37,443,60,Maharashtra,November,September,106,Wilt,Integrated Pest Management,Potash,89,123,
Sapota,Pusa Kesar,Annual,Alluvial,5.6,High,24,394,82,Maharashtra,August,May,128,Mildew,Chemical Pesticide,Potash,101,55,
Jamun,HD 3086,Zaid,Clayey,5.8,Medium,27,844,50,West Bengal,February,February,110,Leaf Spot,Integrated Pest Management,Nitrogen,105,116,
Jamun,Pratap Makka 5,Kharif,Black Soil,7.3,High,26,420,83,Andhra Pradesh,September,February,168,Rust,Biological Control,DAP,30,42,
Jamun,HD 2967,Zaid,Alluvial,6.9,High,20,1286,57,Rajasthan,February,August,146,Wilt,Biological Control,NPK,64,66,
Jamun,Pusa Rohini,Annual,Clayey,6.1,High,31,585,50,Punjab,March,January,61,Mildew,Chemical Pesticide,Potash,23,39,
Jamun,JL 24,Annual,Black Soil,6.9,Low,21,1934,78,Telangana,September,November,185,Bacterial Blight,Crop Rotation,Nitrogen,113,95,
Jamun,RD 2035,Annual,Clayey,6.9,Medium,36,1650,49,Karnataka,June,May,183,Blight,Neem Oil Spray,Nitrogen,111,35,
Jamun,Co 0118,Annual,Loamy,6.4,Low,32,703,88,Gujarat,November,February,109,Mildew,Chemical Pesticide,DAP,74,82,
Jamun,Kadiri 6,Kharif,Alluvial,7.1,Low,20,1354,40,Tamil Nadu,December,December,61,Rust,Integrated Pest Management,DAP,20,12,
Jamun,Arka Nidhi,Rabi,Sandy Loam,5.9,High,24,1083,54,Bihar,October,December,124,Leaf Spot,Neem Oil Spray,Compost,76,115,
Jamun,NCS 145 Bt,Annual,Black Soil,6.2,Low,32,794,80,Tamil Nadu,June,January,86,Rust,Chemical Pesticide,Compost,77,38,
Amla,Rohini,Zaid,Clayey,7.3,Low,20,1893,53,Punjab,May,June,196,Rust,Biological Control,NPK,61,58,
Amla,Kufri Jyoti,Zaid,Black Soil,7.7,Medium,33,1678,67,Bihar,March,September,147,Blight,Neem Oil Spray,Nitrogen,42,11,
Amla,UPAS 120,Annual,Loamy,6.4,Low,32,703,88,Gujarat,November,February,109,Mildew,Chemical Pesticide,DAP,74,82,
Amla,Bhima Super,Annual,Black Soil,5.7,High,31,1922,56,Karnataka,May,August,95,Rust,Neem Oil Spray,Compost,37,11,
Amla,Agrifound Light Red,Zaid,Alluvial,5.8,High,37,667,48,Gujarat,April,February,148,Rust,Biological Control,Nitrogen,106,91,
Amla,PU 31,Zaid,Black Soil,6.2,Medium,23,333,73,Kerala,July,September,196,Mildew,Integrated Pest Management,DAP,85,142,
Amla,Maruti,Kharif,Loamy,5.7,Low,34,2197,75,Kerala,November,February,132,Leaf Spot,Neem Oil Spray,DAP,66,146,
Amla,ICPL 87119,Zaid,Clayey,7.4,Low,25,1043,59,Maharashtra,April,November,147,Wilt,Integrated Pest Management,Potash,40,127,
Amla,Pusa Purple Long,Kharif,Alluvial,6.4,Low,23,310,60,Tamil Nadu,December,May,149,Wilt,Crop Rotation,Compost,21,14,
Amla,MACS 450,Rabi,Alluvial,7.3,High,18,521,41,West Bengal,June,June,198,Bacterial Blight,Chemical Pesticide,Potash,53,42,
Bael,Vivek QPM 9,Kharif,Clayey,6.2,High,35,1626,47,Haryana,December,December,63,Bacterial Blight,Biological Control,NPK,98,28,
Bael,HHB 67,Annual,Clayey,6.9,Medium,26,1465,65,Rajasthan,August,March,119,Wilt,Integrated Pest Management,Compost,78,74,
Bael,Pusa Vishal,Annual,Alluvial,7.6,High,22,1569,65,Bihar,September,February,190,Rust,Integrated Pest Management,Nitrogen,116,37,
Bael,JL 24,Kharif,Black Soil,6.3,High,18,1821,81,Andhra Pradesh,April,August,152,Rust,Crop Rotation,Compost,39,33,
Bael,RT 46,Annual,Loamy,6.9,High,22,1585,63,Madhya Pradesh,December,August,63,Bacterial Blight,Neem Oil Spray,NPK,48,137,
Bael,Kalyan Sona,Rabi,Clayey,6.5,High,24,330,75,Madhya Pradesh,November,September,152,Blight,Chemical Pesticide,Potash,60,137,
Bael,Deccan 103,Kharif,Black Soil,6.6,High,22,1104,65,Punjab,March,January,87,Blight,Neem Oil Spray,Compost,68,88,
Bael,Bunny Bt,Rabi,Loamy,5.9,Medium,32,2078,58,Karnataka,March,January,194,Bacterial Blight,Integrated Pest Management,DAP,97,36,
Bael,Pusa Kesar,Rabi,Alluvial,7.6,Low,35,1742,86,Haryana,January,April,107,Wilt,Biological Control,NPK,65,16,
Bael,Pusa Chetki,Annual,Clayey,6.9,High,38,1740,63,Karnataka,October,July,105,Mildew,Chemical Pesticide,Nitrogen,87,120,
Ber,Arka Nidhi,Zaid,Black Soil,6.3,High,30,1060,88,Odisha,December,August,199,Wilt,Crop Rotation,Nitrogen,51,72,
Ber,CSH 14,Rabi,Alluvial,7.2,Low,30,1259,54,Uttar Pradesh,May,July,166,Bacterial Blight,Integrated Pest Management,NPK,27,70,
Ber,HD 3086,Zaid,Sandy Loam,7.1,High,28,923,67,Kerala,May,March,115,Wilt,Crop Rotation,Potash,100,35,
Ber,LBG 20,Zaid,Black Soil,6,High,30,2079,67,Madhya Pradesh,June,November,134,Wilt,Neem Oil Spray,NPK,39,110,
Ber,Golden Acre,Rabi,Black Soil,6.4,Medium,28,391,79,West Bengal,June,October,163,Rust,Neem Oil Spray,NPK,95,84,
Ber,Rohini,Zaid,Black Soil,5.6,Low,31,699,71,Haryana,July,December,74,Mildew,Neem Oil Spray,Nitrogen,68,127,
Ber,Samba Mahsuri,Zaid,Alluvial,7.4,High,18,1049,90,Haryana,April,August,88,Wilt,Chemical Pesticide,Compost,57,90,
Ber,Pusa Drumhead,Annual,Black Soil,5.9,Low,26,561,84,Kerala,August,October,133,Blight,Chemical Pesticide,NPK,52,113,
Ber,Pusa Bold,Zaid,Alluvial,7.1,Low,20,1191,59,Odisha,May,October,118,Mildew,Neem Oil Spray,Compost,44,92,
Ber,ML 365,Rabi,Black Soil,5.6,Medium,37,839,60,Haryana,April,October,86,Wilt,Neem Oil Spray,Nitrogen,101,84,
Karonda,Pusa Sawani,Zaid,Clayey,7.7,Low,31,577,64,Karnataka,October,August,105,Blight,Crop Rotation,Compost,67,77,
Karonda,Pusa Chetki,Rabi,Alluvial,5.8,Low,20,1963,90,West Bengal,September,May,156,Leaf Spot,Crop Rotation,Potash,82,35,
Karonda,Varuna,Kharif,Sandy Loam,5.6,Medium,29,1000,67,Punjab,March,February,188,Rust,Crop Rotation,Nitrogen,107,45,
Karonda,Golden Acre,Rabi,Black Soil,6.7,High,36,608,47,Madhya Pradesh,August,January,149,Blight,Integrated Pest Management,Compost,118,144,
Karonda,Rohini,Kharif,Sandy Loam,7.1,Low,36,940,88,Bihar,May,June,85,Leaf Spot,Neem Oil Spray,Potash,113,41,
Karonda,GHB 558,Annual,Black Soil,6.6,Low,26,1957,76,Gujarat,April,June,134,Rust,Neem Oil Spray,DAP,87,36,
Karonda,HQPM 1,Rabi,Black Soil,7.3,Medium,23,1801,66,Madhya Pradesh,August,November,200,Bacterial Blight,Chemical Pesticide,Compost,102,111,
Karonda,TMV 7,Rabi,Black Soil,7.1,Medium,37,344,46,Tamil Nadu,October,January,83,Mildew,Chemical Pesticide,Nitrogen,103,137,
Karonda,ADT 43,Zaid,Alluvial,5.6,Low,33,1269,73,Telangana,May,May,92,Mildew,Chemical Pesticide,Nitrogen,44,38,
Karonda,LBG 20,Rabi,Loamy,6.6,Medium,18,1797,52,Andhra Pradesh,August,May,131,Wilt,Chemical Pesticide,DAP,67,136,
Wood Apple,LBG 20,Rabi,Sandy Loam,5.9,High,24,1083,54,Bihar,October,December,124,Leaf Spot,Neem Oil Spray,Compost,76,115,
Wood Apple,TC 25,Rabi,Alluvial,6.1,High,21,1580,81,Telangana,July,July,102,Wilt,Integrated Pest Management,NPK,50,135,
Wood Apple,Pusa Bold,Rabi,Black Soil,5.6,Low,27,1009,64,Andhra Pradesh,January,September,178,Blight,Neem Oil Spray,Compost,118,56,
Wood Apple,Asha,Annual,Black Soil,6.2,Low,32,794,80,Tamil Nadu,June,January,86,Rust,Chemical Pesticide,Compost,77,38,
Wood Apple,Pusa Rohini,Annual,Black Soil,5.7,Low,20,1499,80,Gujarat,April,January,95,Leaf Spot,Integrated Pest Management,DAP,70,29,
Wood Apple,KBSH 41,Zaid,Black Soil,7.6,Low,28,2149,87,Punjab,September,August,187,Rust,Neem Oil Spray,Compost,87,110,
Wood Apple,Varuna,Annual,Sandy Loam,6.9,Low,18,663,54,Punjab,May,August,85,Bacterial Blight,Chemical Pesticide,Potash,48,79,
Wood Apple,RHB 121,Rabi,Alluvial,6,High,18,817,44,Rajasthan,November,October,105,Wilt,Neem Oil Spray,NPK,110,16,
Wood Apple,Co 0238,Zaid,Alluvial,5.8,High,37,667,48,Gujarat,April,February,148,Rust,Biological Control,Nitrogen,106,91,
Wood Apple,T 13,Annual,Loamy,6.2,Low,31,1159,75,Madhya Pradesh,September,April,199,Rust,Crop Rotation,Potash,35,122,
Starfruit,Pusa Kranti,Kharif,Clayey,7.7,High,30,1714,85,Rajasthan,June,March,174,Mildew,Neem Oil Spray,NPK,44,33,
Starfruit,T9,Annual,Loamy,7.4,High,36,1888,81,Maharashtra,February,January,71,Mildew,Integrated Pest Management,NPK,89,85,
Starfruit,Pant U 19,Kharif,Sandy Loam,6.1,Medium,26,1672,45,Haryana,May,July,159,Bacterial Blight,Chemical Pesticide,Potash,98,137,
Starfruit,Samba Mahsuri,Zaid,Black Soil,7.5,Medium,22,1798,70,West Bengal,December,December,179,Bacterial Blight,Neem Oil Spray,DAP,83,49,
Starfruit,Pusa Sawani,Annual,Sandy Loam,6,Low,21,978,50,Andhra Pradesh,June,January,106,Mildew,Neem Oil Spray,Compost,113,90,
Starfruit,CSH 16,Annual,Clayey,7.1,Medium,28,984,56,Uttar Pradesh,July,December,150,Blight,Chemical Pesticide,DAP,42,91,
Starfruit,Varuna,Kharif,Black Soil,7.3,High,26,420,83,Andhra Pradesh,September,February,168,Rust,Biological Control,DAP,30,42,
Starfruit,HHB 67,Kharif,Sandy Loam,6.8,High,29,835,58,Maharashtra,December,January,74,Leaf Spot,Crop Rotation,Potash,95,115,
Starfruit,Arka Rakshak,Rabi,Loamy,7.4,High,29,488,52,Kerala,February,May,148,Blight,Chemical Pesticide,Compost,51,26,
Starfruit,Pusa Purple Long,Rabi,Black Soil,7.3,High,35,927,68,Maharashtra,June,March,156,Mildew,Neem Oil Spray,Compost,40,110,
Avocado,GHB 558,Zaid,Sandy Loam,5.8,Medium,20,1568,61,Madhya Pradesh,October,October,61,Rust,Chemical Pesticide,Potash,108,55,
Avocado,PL 639,Kharif,Loamy,6.7,Low,21,1542,63,Uttar Pradesh,April,July,131,Leaf Spot,Integrated Pest Management,DAP,78,77,
Avocado,Mallika Bt,Kharif,Loamy,7.2,Low,35,475,68,Tamil Nadu,July,February,140,Wilt,Integrated Pest Management,NPK,63,69,
Avocado,JS 95-60,Rabi,Alluvial,7.2,Low,30,1259,54,Uttar Pradesh,May,July,166,Bacterial Blight,Integrated Pest Management,NPK,27,70,
Avocado,HHB 67,Kharif,Sandy Loam,5.7,Medium,19,2115,43,Maharashtra,June,March,157,Rust,Integrated Pest Management,Potash,114,42,
Avocado,LBG 20,Zaid,Loamy,6.8,Low,25,354,55,Uttar Pradesh,September,October,197,Mildew,Chemical Pesticide,Potash,34,82,
Avocado,KBSH 1,Kharif,Black Soil,6.3,High,35,640,76,Odisha,March,November,71,Blight,Neem Oil Spray,Potash,90,43,
Avocado,RD 2035,Annual,Clayey,6.3,Low,20,2159,48,Gujarat,June,April,144,Rust,Integrated Pest Management,Potash,26,38,
Avocado,KBSH 41,Zaid,Alluvial,5.8,Low,32,2055,85,West Bengal,January,March,104,Mildew,Chemical Pesticide,DAP,107,136,
Avocado,ML 365,Rabi,Sandy Loam,6.4,Medium,30,354,83,Rajasthan,December,August,197,Rust,Chemical Pesticide,Nitrogen,109,120,
Fig,RD 2552,Rabi,Black Soil,7.7,High,38,977,56,Punjab,December,July,149,Rust,Biological Control,Nitrogen,37,107,
Fig,CSH 16,Annual,Alluvial,7.2,High,36,927,65,Uttar Pradesh,March,June,139,Blight,Chemical Pesticide,NPK,84,70,
Fig,HHB 67,Annual,Clayey,5.9,Low,34,1869,72,Maharashtra,April,May,77,Blight,Chemical Pesticide,Nitrogen,51,96,
Fig,Bhima Super,Zaid,Black Soil,6.4,High,24,433,83,Rajasthan,July,June,92,Rust,Chemical Pesticide,Potash,81,123,
Fig,PBW 343,Zaid,Alluvial,6.5,Medium,37,1503,61,Uttar Pradesh,October,January,125,Mildew,Chemical Pesticide,Nitrogen,62,59,
Fig,RHB 121,Zaid,Sandy Loam,5.8,Low,24,1705,71,Punjab,June,July,115,Blight,Neem Oil Spray,Nitrogen,66,78,
Fig,Golden Acre,Annual,Loamy,6.4,Low,25,1830,57,Rajasthan,January,July,135,Bacterial Blight,Chemical Pesticide,NPK,60,30,
Fig,CSH 14,Zaid,Sandy Loam,6.2,High,38,997,74,Tamil Nadu,February,December,158,Wilt,Crop Rotation,Potash,84,83,
Fig,MACS 450,Zaid,Alluvial,7.1,High,26,300,74,Uttar Pradesh,January,December,136,Rust,Crop Rotation,NPK,113,66,
Fig,Pusa 256,Annual,Black Soil,6.7,Medium,28,1559,69,Bihar,November,March,87,Mildew,Biological Control,DAP,73,19,
Mulberry,CSH 14,Rabi,Loamy,5.6,Medium,19,479,45,West Bengal,April,December,111,Bacterial Blight,Crop Rotation,Compost,41,14,
Mulberry,RT 46,Annual,Sandy Loam,6.6,Low,38,820,78,Rajasthan,May,March,122,Bacterial Blight,Chemical Pesticide,Compost,101,96,
Mulberry,HD 2967,Zaid,Sandy Loam,6.9,Medium,20,960,85,West Bengal,October,December,167,Mildew,Crop Rotation,NPK,111,106,
Mulberry,RD 2552,Annual,Alluvial,5.9,Low,35,1848,50,Tamil Nadu,May,December,90,Rust,Crop Rotation,NPK,31,140,
Mulberry,Deccan 103,Zaid,Alluvial,6.5,Medium,37,1503,61,Uttar Pradesh,October,January,125,Mildew,Chemical Pesticide,Nitrogen,62,59,
Mulberry,Kufri Bahar,Zaid,Alluvial,6.5,Medium,37,1503,61,Uttar Pradesh,October,January,125,Mildew,Chemical Pesticide,Nitrogen,62,59,
Mulberry,Nantes,Rabi,Sandy Loam,6.6,Low,28,1620,44,Telangana,January,May,109,Leaf Spot,Chemical Pesticide,DAP,78,13,
Mulberry,PBW 343,Annual,Clayey,5.8,Low,31,912,71,Gujarat,July,April,111,Mildew,Integrated Pest Management,NPK,35,47,
Mulberry,Pusa Basmati 1509,Kharif,Sandy Loam,6.1,High,27,744,68,Uttar Pradesh,August,November,78,Mildew,Chemical Pesticide,Nitrogen,84,33,
Mulberry,Pusa Red,Annual,Clayey,6.7,High,25,818,51,Telangana,July,June,125,Bacterial Blight,Biological Control,Potash,99,86,
Rambutan,Pusa Masoor 5,Rabi,Black Soil,7.1,Low,23,732,76,Karnataka,December,March,79,Mildew,Chemical Pesticide,NPK,107,128,
Rambutan,Pusa Red,Zaid,Clayey,6.5,Medium,29,1941,44,Andhra Pradesh,September,February,142,Bacterial Blight,Biological Control,Potash,76,19,
Rambutan,PL 639,Zaid,Clayey,5.7,Low,18,485,85,Maharashtra,August,July,165,Bacterial Blight,Chemical Pesticide,Compost,48,28,
Rambutan,HHB 67,Rabi,Alluvial,7.2,Medium,21,1966,53,Andhra Pradesh,October,September,200,Blight,Crop Rotation,NPK,36,112,
Rambutan,RT 46,Annual,Alluvial,6.3,Low,34,480,78,Punjab,October,September,83,Rust,Integrated Pest Management,DAP,117,117,
Rambutan,Pusa Bold,Zaid,Black Soil,5.8,Medium,34,1861,58,Rajasthan,March,September,76,Mildew,Crop Rotation,Nitrogen,94,88,
Rambutan,RHB 121,Zaid,Loamy,5.9,Medium,27,1080,52,Odisha,January,September,117,Wilt,Neem Oil Spray,NPK,21,107,
Rambutan,DPL 62,Rabi,Sandy Loam,7.5,Medium,35,1164,78,Gujarat,November,July,195,Bacterial Blight,Biological Control,Nitrogen,36,117,
Rambutan,ADT 43,Annual,Alluvial,7.2,High,19,1699,66,Uttar Pradesh,August,November,125,Bacterial Blight,Crop Rotation,Compost,85,22,
Rambutan,Vijay,Rabi,Sandy Loam,5.7,Low,38,1684,48,Punjab,January,December,91,Wilt,Chemical Pesticide,Nitrogen,59,62,
Longan,MTU1010,Rabi,Alluvial,6.4,Low,27,1573,47,Haryana,March,October,105,Rust,Chemical Pesticide,Potash,30,93,
Longan,Arka Vikas,Annual,Black Soil,7.1,Medium,32,1547,75,Telangana,October,April,192,Rust,Crop Rotation,Compost,21,83,
Longan,Samba Mahsuri,Zaid,Black Soil,6.1,Medium,32,1124,63,Andhra Pradesh,December,December,144,Bacterial Blight,Crop Rotation,Potash,67,124,
Longan,Pusa Ruby,Zaid,Loamy,7.7,Low,38,1022,73,Karnataka,March,April,198,Mildew,Chemical Pesticide,DAP,70,23,
Longan,GG 20,Kharif,Alluvial,6.3,Medium,33,2176,57,Gujarat,July,June,84,Rust,Biological Control,Nitrogen,39,29,
Longan,Kufri Chipsona 1,Rabi,Black Soil,7.7,Medium,22,1368,72,Karnataka,March,June,78,Mildew,Crop Rotation,Compost,79,49,
Longan,Arka Shirish,Rabi,Loamy,5.8,Medium,36,1187,51,Haryana,January,May,130,Leaf Spot,Neem Oil Spray,Compost,63,111,
Longan,Kalyan Sona,Kharif,Clayey,6.2,High,35,1626,47,Haryana,December,December,63,Bacterial Blight,Biological Control,NPK,98,28,
Longan,Co 86032,Zaid,Loamy,7.7,Low,38,1022,73,Karnataka,March,April,198,Mildew,Chemical Pesticide,DAP,70,23,
Longan,Japanese White,Kharif,Clayey,5.6,High,29,1954,57,Haryana,November,October,174,Bacterial Blight,Chemical Pesticide,Compost,49,39,
Persimmon,Pusa Rohini,Annual,Loamy,6.2,Low,38,366,43,Andhra Pradesh,March,November,163,Blight,Neem Oil Spray,DAP,83,127,
Persimmon,HHB 67,Zaid,Sandy Loam,7.5,Low,38,364,40,Gujarat,December,October,199,Bacterial Blight,Crop Rotation,Nitrogen,29,86,
Persimmon,TMV 7,Rabi,Sandy Loam,5.7,Low,34,490,68,Odisha,June,May,96,Bacterial Blight,Crop Rotation,Nitrogen,69,26,
Persimmon,ICPL 87119,Zaid,Clayey,7.7,High,20,1185,86,Andhra Pradesh,February,April,160,Bacterial Blight,Integrated Pest Management,Potash,38,120,
Persimmon,Pusa Vishal,Rabi,Sandy Loam,6.2,Low,25,910,40,Madhya Pradesh,August,November,200,Leaf Spot,Chemical Pesticide,Nitrogen,35,43,
Persimmon,NCS 145 Bt,Kharif,Alluvial,7.4,Medium,35,1171,90,Madhya Pradesh,August,June,170,Bacterial Blight,Crop Rotation,Potash,46,147,
Persimmon,TAG 24,Rabi,Alluvial,5.6,Low,28,829,48,Punjab,December,January,68,Blight,Biological Control,Compost,56,62,
Persimmon,Pusa Basmati 1509,Zaid,Sandy Loam,5.6,High,26,792,64,Maharashtra,May,December,178,Rust,Crop Rotation,Nitrogen,61,127,
Persimmon,Pusa Masoor 5,Kharif,Black Soil,6.5,High,28,438,55,Uttar Pradesh,May,May,101,Bacterial Blight,Integrated Pest Management,DAP,45,46,
Persimmon,Arka Anamika,Rabi,Clayey,5.8,Low,34,1883,51,Tamil Nadu,February,April,150,Mildew,Chemical Pesticide,Nitrogen,31,13,
Dragon Fruit,RHB 121,Zaid,Clayey,7,Low,28,496,86,Telangana,February,January,127,Leaf Spot,Neem Oil Spray,DAP,94,127,
Dragon Fruit,PBW 343,Rabi,Alluvial,6.5,Low,38,812,85,Haryana,September,December,171,Bacterial Blight,Neem Oil Spray,Nitrogen,74,57,
Dragon Fruit,HQPM 1,Kharif,Sandy Loam,7.2,Low,32,1077,45,Kerala,August,December,188,Rust,Biological Control,NPK,104,52,
Dragon Fruit,DHM 117,Rabi,Alluvial,7.5,High,29,495,45,Maharashtra,January,October,181,Blight,Integrated Pest Management,DAP,117,16,
Dragon Fruit,Morden,Rabi,Clayey,5.6,Medium,22,1288,52,Maharashtra,October,January,154,Bacterial Blight,Crop Rotation,NPK,115,68,
Dragon Fruit,ADT 43,Kharif,Loamy,7.6,Low,25,1435,42,Odisha,July,May,130,Leaf Spot,Biological Control,NPK,90,89,
Dragon Fruit,Pusa Ruby,Annual,Clayey,7.6,Medium,26,637,85,Rajasthan,October,July,159,Leaf Spot,Integrated Pest Management,NPK,45,118,
Dragon Fruit,Mallika Bt,Rabi,Alluvial,6.7,Low,23,1704,50,Karnataka,January,June,159,Rust,Biological Control,Nitrogen,39,132,
Dragon Fruit,Pusa Chetki,Annual,Black Soil,6,Medium,34,409,83,Uttar Pradesh,October,July,168,Wilt,Biological Control,Potash,119,49,
Dragon Fruit,Pant U 19,Zaid,Black Soil,6,Low,27,1784,41,Kerala,February,February,104,Bacterial Blight,Crop Rotation,Potash,86,27,
Passion Fruit,Indaf 9,Kharif,Black Soil,6.8,Low,29,2003,45,Uttar Pradesh,October,November,135,Rust,Crop Rotation,Potash,115,72,
Passion Fruit,GPU 28,Zaid,Alluvial,7.6,Medium,35,1764,55,Uttar Pradesh,February,July,170,Bacterial Blight,Integrated Pest Management,Potash,29,142,
Passion Fruit,ADT 43,Annual,Clayey,7.7,Low,24,2068,82,Bihar,February,April,111,Rust,Crop Rotation,Potash,74,103,
Passion Fruit,Kufri Bahar,Rabi,Alluvial,6.1,Low,37,591,85,Uttar Pradesh,June,January,118,Leaf Spot,Biological Control,DAP,115,61,
Passion Fruit,Pusa Red,Annual,Sandy Loam,6.4,Medium,31,1383,44,Karnataka,March,May,135,Mildew,Crop Rotation,Nitrogen,70,56,
Passion Fruit,IR64,Annual,Loamy,6.4,Low,32,703,88,Gujarat,November,February,109,Mildew,Chemical Pesticide,DAP,74,82,
Passion Fruit,UPAS 120,Rabi,Black Soil,6,Low,25,1262,53,Rajasthan,January,July,70,Blight,Neem Oil Spray,Compost,79,146,
Passion Fruit,JL 24,Rabi,Black Soil,6.4,High,23,947,61,Gujarat,April,June,135,Mildew,Biological Control,DAP,60,84,
Passion Fruit,Pratap Makka 5,Zaid,Sandy Loam,6,Medium,27,1660,54,Kerala,July,September,142,Blight,Chemical Pesticide,Compost,115,47,
Passion Fruit,Pusa Masoor 5,Annual,Loamy,7.6,Low,33,990,64,Uttar Pradesh,November,September,178,Rust,Integrated Pest Management,Potash,57,79,
Gooseberry,T 13,Annual,Black Soil,6.5,High,21,777,72,Bihar,May,September,144,Bacterial Blight,Neem Oil Spray,Compost,79,102,
Gooseberry,JG 14,Kharif,Loamy,6.9,Low,24,605,67,Madhya Pradesh,March,August,93,Wilt,Biological Control,Compost,95,13,
Gooseberry,Pant U 19,Zaid,Alluvial,7.4,High,22,2136,67,Gujarat,May,July,131,Leaf Spot,Neem Oil Spray,NPK,38,39,
Gooseberry,PBW 343,Rabi,Loamy,7.2,High,31,1518,64,Kerala,January,December,178,Rust,Chemical Pesticide,Potash,71,17,
Gooseberry,GPU 28,Rabi,Sandy Loam,7.5,Medium,25,992,63,Andhra Pradesh,March,February,127,Bacterial Blight,Crop Rotation,Potash,27,94,
Gooseberry,LBG 20,Zaid,Loamy,5.9,Medium,27,1080,52,Odisha,January,September,117,Wilt,Neem Oil Spray,NPK,21,107,
Gooseberry,Kalyan Sona,Kharif,Sandy Loam,6.2,Medium,30,1246,90,Karnataka,June,July,200,Leaf Spot,Crop Rotation,DAP,90,61,
Gooseberry,Pusa Vishal,Rabi,Black Soil,7,Medium,29,524,45,Telangana,June,August,81,Bacterial Blight,Crop Rotation,Compost,111,144,
Gooseberry,Vivek QPM 9,Zaid,Black Soil,6,Low,27,1784,41,Kerala,February,February,104,Bacterial Blight,Crop Rotation,Potash,86,27,
Gooseberry,Arka Shirish,Kharif,Alluvial,7.5,Low,21,1686,45,Punjab,March,January,172,Bacterial Blight,Chemical Pesticide,Potash,108,48,
Breadfruit,Pusa Rohini,Kharif,Clayey,7,Medium,28,702,77,Punjab,January,October,65,Mildew,Crop Rotation,DAP,39,64,
Breadfruit,TMV 7,Rabi,Loamy,7,High,22,1429,57,Andhra Pradesh,April,November,169,Blight,Crop Rotation,Compost,23,66,
Breadfruit,WH 1105,Kharif,Clayey,7.7,Low,26,1395,76,Telangana,September,May,167,Mildew,Crop Rotation,Compost,105,30,
Breadfruit,Rohini,Zaid,Clayey,7.1,High,28,937,67,Bihar,June,August,130,Rust,Crop Rotation,DAP,52,109,
Breadfruit,PDM 139,Kharif,Loamy,7.1,Low,26,1776,66,Maharashtra,August,September,147,Mildew,Biological Control,DAP,38,95,
Breadfruit,DHM 117,Rabi,Loamy,6.1,Medium,24,825,74,Madhya Pradesh,October,March,144,Bacterial Blight,Integrated Pest Management,Nitrogen,103,127,
Breadfruit,Arka Anamika,Kharif,Clayey,7.7,Medium,19,951,78,Telangana,April,February,172,Blight,Crop Rotation,Nitrogen,110,13,
Breadfruit,Varsha Uphar,Rabi,Alluvial,6.8,Low,23,405,54,Maharashtra,August,June,193,Mildew,Biological Control,Potash,88,70,
Breadfruit,Vivek QPM 9,Kharif,Clayey,5.6,High,29,1954,57,Haryana,November,October,174,Bacterial Blight,Chemical Pesticide,Compost,49,39,
Breadfruit,Maruti,Annual,Loamy,7.2,High,23,1571,84,Kerala,May,August,188,Wilt,Neem Oil Spray,Nitrogen,52,134,
Colocasia,Co 0238,Rabi,Alluvial,7.6,Low,35,1742,86,Haryana,January,April,107,Wilt,Biological Control,NPK,65,16,
Colocasia,T 13,Rabi,Black Soil,6.9,Medium,28,1578,44,Punjab,March,August,189,Bacterial Blight,Neem Oil Spray,DAP,108,109,
Colocasia,JS 335,Rabi,Loamy,7,High,27,1914,53,Maharashtra,January,July,107,Mildew,Crop Rotation,Compost,55,34,
Colocasia,ICTP 8203,Rabi,Sandy Loam,6.2,Medium,19,1912,53,Kerala,May,May,173,Rust,Crop Rotation,DAP,39,15,
Colocasia,Pusa 256,Zaid,Sandy Loam,5.7,Low,19,1315,46,Haryana,September,August,82,Rust,Biological Control,Nitrogen,87,107,
Colocasia,NCS 145 Bt,Kharif,Clayey,6,Low,18,1391,53,Odisha,June,January,196,Mildew,Chemical Pesticide,Potash,28,128,
Colocasia,Asha,Rabi,Sandy Loam,7,Low,28,757,65,Andhra Pradesh,November,August,151,Blight,Chemical Pesticide,Potash,99,143,
Colocasia,GPU 45,Kharif,Alluvial,6.5,High,18,1924,84,Rajasthan,January,March,197,Rust,Neem Oil Spray,Nitrogen,41,35,
Colocasia,Maruti,Kharif,Sandy Loam,7,Medium,25,1875,70,Telangana,July,February,134,Wilt,Chemical Pesticide,NPK,47,32,
Colocasia,JS 95-60,Zaid,Alluvial,6,High,27,1502,48,Kerala,July,August,86,Wilt,Integrated Pest Management,DAP,65,59,
Yam,Nantes,Annual,Sandy Loam,6.6,Low,26,1331,64,Rajasthan,April,October,163,Leaf Spot,Chemical Pesticide,Compost,50,45,
Yam,PDM 139,Zaid,Clayey,7,Medium,29,1121,81,Rajasthan,May,May,192,Leaf Spot,Integrated Pest Management,Potash,36,51,
Yam,Pusa 256,Annual,Alluvial,5.8,Low,27,664,56,Bihar,November,November,112,Leaf Spot,Crop Rotation,NPK,107,54,
Yam,Morden,Annual,Black Soil,6.2,High,26,1507,71,West Bengal,November,July,78,Wilt,Chemical Pesticide,NPK,23,15,
Yam,Pusa Rohini,Kharif,Clayey,7,Low,25,669,75,Uttar Pradesh,February,September,90,Leaf Spot,Integrated Pest Management,Compost,81,128,
Yam,KBSH 41,Rabi,Loamy,7.5,High,18,355,59,Maharashtra,June,December,191,Leaf Spot,Biological Control,Compost,117,67,
Yam,Arka Shirish,Rabi,Alluvial,6.7,Low,23,1704,50,Karnataka,January,June,159,Rust,Biological Control,Nitrogen,39,132,
Yam,ML 365,Zaid,Alluvial,5.7,Low,33,1983,51,Kerala,June,September,77,Leaf Spot,Chemical Pesticide,Compost,32,13,
Yam,NRC 37,Kharif,Black Soil,7.4,Medium,36,575,88,Uttar Pradesh,July,January,177,Blight,Chemical Pesticide,Compost,106,111,
Yam,Pusa Kranti,Annual,Clayey,6.7,Medium,31,582,66,Tamil Nadu,December,February,93,Rust,Crop Rotation,Potash,32,64,
Elephant Foot Yam,PDM 139,Kharif,Alluvial,5.6,High,18,414,82,Karnataka,February,November,150,Leaf Spot,Chemical Pesticide,DAP,47,107,
Elephant Foot Yam,Arka Vikas,Rabi,Black Soil,6.1,Low,26,894,82,Gujarat,September,March,138,Leaf Spot,Crop Rotation,DAP,60,49,
Elephant Foot Yam,CSV 15,Rabi,Loamy,5.8,Medium,36,1478,90,Andhra Pradesh,December,November,118,Rust,Neem Oil Spray,Potash,63,133,
Elephant Foot Yam,LBG 20,Rabi,Loamy,6.1,High,19,736,80,Rajasthan,March,February,150,Leaf Spot,Biological Control,Potash,102,86,
Elephant Foot Yam,Kufri Bahar,Annual,Loamy,5.6,High,28,1733,57,Telangana,June,April,126,Blight,Crop Rotation,Compost,21,108,
Elephant Foot Yam,RT 46,Annual,Black Soil,7.2,High,34,571,46,Gujarat,April,March,154,Blight,Chemical Pesticide,Nitrogen,79,13,
Elephant Foot Yam,JS 95-60,Kharif,Sandy Loam,6.7,Medium,18,1622,82,Karnataka,November,October,103,Leaf Spot,Crop Rotation,NPK,87,17,
Elephant Foot Yam,Ganga 5,Annual,Sandy Loam,6,Low,21,978,50,Andhra Pradesh,June,January,106,Mildew,Neem Oil Spray,Compost,113,90,
Elephant Foot Yam,Pusa Rohini,Zaid,Loamy,5.9,Medium,27,1080,52,Odisha,January,September,117,Wilt,Neem Oil Spray,NPK,21,107,
Elephant Foot Yam,Pusa Bold,Kharif,Loamy,7.6,Low,37,2015,87,Madhya Pradesh,February,May,75,Wilt,Biological Control,NPK,120,38,
Turnip,RD 2552,Zaid,Black Soil,7.6,Low,34,945,63,Andhra Pradesh,August,June,96,Mildew,Chemical Pesticide,DAP,60,12,
Turnip,Kadiri 6,Rabi,Loamy,7.4,High,29,488,52,Kerala,February,May,148,Blight,Chemical Pesticide,Compost,51,26,
Turnip,DPL 62,Rabi,Black Soil,7.1,Low,23,732,76,Karnataka,December,March,79,Mildew,Chemical Pesticide,NPK,107,128,
Turnip,Kufri Jyoti,Annual,Clayey,6,Low,26,419,55,Odisha,July,February,187,Blight,Chemical Pesticide,Potash,22,141,
Turnip,Vijay,Zaid,Alluvial,6.1,High,22,1923,50,Telangana,January,October,91,Bacterial Blight,Neem Oil Spray,Potash,90,52,
Turnip,ADT 43,Rabi,Alluvial,6.1,Low,37,591,85,Uttar Pradesh,June,January,118,Leaf Spot,Biological Control,DAP,115,61,
Turnip,HD 3086,Kharif,Loamy,6.7,Low,21,1542,63,Uttar Pradesh,April,July,131,Leaf Spot,Integrated Pest Management,DAP,78,77,
Turnip,Arka Rakshak,Zaid,Black Soil,7,Low,26,1317,55,Maharashtra,August,May,100,Mildew,Chemical Pesticide,Potash,102,129,
Turnip,RD 2668,Rabi,Alluvial,5.7,Low,31,1973,83,Punjab,April,November,153,Blight,Biological Control,DAP,45,77,
Turnip,Co 0118,Zaid,Clayey,7,Low,37,1795,73,Maharashtra,July,September,96,Blight,Crop Rotation,Nitrogen,111,78,
Parsnip,Lok 1,Annual,Loamy,6.6,Medium,25,1391,48,Gujarat,October,July,63,Mildew,Chemical Pesticide,Potash,57,11,
Parsnip,ML 365,Annual,Loamy,5.9,Medium,34,1221,44,Kerala,November,October,151,Bacterial Blight,Biological Control,Potash,41,114,
Parsnip,JS 95-60,Rabi,Loamy,7,Medium,34,465,47,West Bengal,October,May,67,Mildew,Crop Rotation,Nitrogen,29,95,
Parsnip,JS 335,Kharif,Clayey,7,Low,25,669,75,Uttar Pradesh,February,September,90,Leaf Spot,Integrated Pest Management,Compost,81,128,
Parsnip,PBW 343,Annual,Loamy,6.4,Medium,32,2157,85,Tamil Nadu,October,January,129,Blight,Crop Rotation,Nitrogen,68,84,
Parsnip,MACS 450,Annual,Clayey,6.7,Medium,31,582,66,Tamil Nadu,December,February,93,Rust,Crop Rotation,Potash,32,64,
Parsnip,IR36,Kharif,Clayey,7.4,Medium,33,332,78,Rajasthan,October,February,181,Mildew,Neem Oil Spray,Potash,111,113,
Parsnip,IR64,Kharif,Sandy Loam,7.7,Low,28,722,68,Andhra Pradesh,March,May,87,Mildew,Crop Rotation,Compost,56,120,
Parsnip,Kranti,Zaid,Clayey,7.4,Low,18,1925,69,Odisha,August,July,82,Mildew,Neem Oil Spray,Compost,40,38,
Parsnip,UPAS 120,Annual,Clayey,5.6,Low,33,2070,46,Odisha,January,February,89,Rust,Integrated Pest Management,Nitrogen,64,100,
Leek,ADT 43,Zaid,Alluvial,6.7,Medium,21,666,54,Haryana,December,February,118,Blight,Chemical Pesticide,Compost,114,99,
Leek,HQPM 1,Kharif,Sandy Loam,5.7,Medium,19,2115,43,Maharashtra,June,March,157,Rust,Integrated Pest Management,Potash,114,42,
Leek,T9,Kharif,Alluvial,6.6,High,31,1563,90,Madhya Pradesh,October,May,167,Leaf Spot,Chemical Pesticide,Potash,42,19,
Leek,KBSH 1,Kharif,Clayey,6.4,Low,28,1096,43,Odisha,August,March,144,Blight,Integrated Pest Management,Nitrogen,59,50,
Leek,Rohini,Zaid,Black Soil,6,High,30,2079,67,Madhya Pradesh,June,November,134,Wilt,Neem Oil Spray,NPK,39,110,
Leek,IR36,Annual,Loamy,5.8,Low,36,1677,90,Maharashtra,August,January,103,Leaf Spot,Neem Oil Spray,DAP,79,17,
Leek,CSH 14,Rabi,Loamy,5.8,High,24,1866,60,Punjab,April,July,105,Bacterial Blight,Integrated Pest Management,Compost,67,140,
Leek,T 13,Annual,Sandy Loam,7.3,Medium,25,1134,41,Odisha,July,February,185,Bacterial Blight,Chemical Pesticide,NPK,106,46,
Leek,Kufri Pukhraj,Kharif,Black Soil,5.9,Medium,38,834,86,Uttar Pradesh,June,January,162,Mildew,Neem Oil Spray,Compost,104,26,
Leek,HD 2967,Annual,Alluvial,7.6,Low,23,1597,48,Punjab,August,March,189,Blight,Chemical Pesticide,Potash,45,39,
Celery,Maruti,Kharif,Clayey,6,Medium,35,496,59,Tamil Nadu,May,April,180,Blight,Integrated Pest Management,Compost,49,71,
Celery,Pusa Basmati 1121,Annual,Sandy Loam,6,High,27,1792,54,Maharashtra,May,September,105,Mildew,Chemical Pesticide,Nitrogen,46,120,
Celery,Pratap Makka 5,Zaid,Black Soil,6.5,Low,29,2138,89,Odisha,July,May,153,Blight,Integrated Pest Management,Compost,81,50,
Celery,HD 2967,Annual,Clayey,5.9,Medium,31,1618,82,Punjab,April,August,182,Rust,Biological Control,NPK,28,102,
Celery,Pant Shubhra,Rabi,Alluvial,7.3,Low,22,2049,50,Gujarat,March,May,116,Leaf Spot,Chemical Pesticide,Compost,91,15,
Celery,JG 14,Annual,Loamy,6.5,High,28,833,88,Rajasthan,June,February,184,Rust,Neem Oil Spray,DAP,73,42,
Celery,Pusa Kesar,Annual,Black Soil,7.5,Medium,19,1230,53,Karnataka,September,January,185,Rust,Neem Oil Spray,DAP,29,101,
Celery,Co 86032,Rabi,Sandy Loam,6.5,Medium,34,777,40,Gujarat,August,February,105,Wilt,Neem Oil Spray,Potash,20,91,
Celery,HHB 67,Zaid,Loamy,5.9,Medium,37,1075,51,Bihar,May,December,152,Rust,Biological Control,NPK,98,43,
Celery,Pusa Drumhead,Zaid,Loamy,6.6,High,32,885,63,Maharashtra,October,October,170,Blight,Neem Oil Spray,Potash,104,66,
Broccoli,WH 1105,Annual,Black Soil,5.9,High,18,1277,68,Telangana,June,July,102,Wilt,Integrated Pest Management,DAP,47,50,
Broccoli,Pusa Sawani,Rabi,Loamy,6.4,High,38,1028,65,Punjab,June,November,117,Wilt,Chemical Pesticide,DAP,58,150,
Broccoli,Kalyan Sona,Rabi,Sandy Loam,7,Low,28,757,65,Andhra Pradesh,November,August,151,Blight,Chemical Pesticide,Potash,99,143,
Broccoli,Kranti,Kharif,Alluvial,7.5,Medium,33,597,66,Odisha,October,May,169,Blight,Integrated Pest Management,DAP,117,82,
Broccoli,Swarna,Annual,Black Soil,6,Medium,34,409,83,Uttar Pradesh,October,July,168,Wilt,Biological Control,Potash,119,49,
Broccoli,GPU 28,Kharif,Black Soil,6.9,Medium,25,1975,74,Gujarat,December,September,162,Bacterial Blight,Chemical Pesticide,Potash,32,136,
Broccoli,JG 14,Rabi,Sandy Loam,7.4,Medium,26,1485,65,Punjab,May,February,191,Blight,Chemical Pesticide,Compost,40,131,
Broccoli,ADT 43,Annual,Sandy Loam,7.8,Medium,34,369,59,Gujarat,November,February,70,Leaf Spot,Integrated Pest Management,Compost,79,137,
Broccoli,TAG 24,Kharif,Black Soil,6.2,High,33,1155,48,Telangana,September,February,191,Wilt,Chemical Pesticide,DAP,88,105,
Broccoli,Rohini,Annual,Clayey,6.7,Medium,31,582,66,Tamil Nadu,December,February,93,Rust,Crop Rotation,Potash,32,64,
Zucchini,JS 95-60,Kharif,Black Soil,7.3,High,26,420,83,Andhra Pradesh,September,February,168,Rust,Biological Control,DAP,30,42,
Zucchini,GG 20,Rabi,Alluvial,5.8,Medium,28,764,40,Odisha,August,August,65,Mildew,Biological Control,Potash,102,127,
Zucchini,PU 31,Rabi,Sandy Loam,6.4,Medium,30,354,83,Rajasthan,December,August,197,Rust,Chemical Pesticide,Nitrogen,109,120,
Zucchini,Pusa Ruby,Rabi,Alluvial,6.5,Medium,34,1508,57,Tamil Nadu,November,July,73,Rust,Integrated Pest Management,NPK,72,72,
Zucchini,TMV 7,Kharif,Clayey,6.4,Low,25,1329,47,Rajasthan,May,March,176,Rust,Neem Oil Spray,NPK,36,22,
Zucchini,RT 46,Rabi,Black Soil,5.7,High,25,621,80,Telangana,March,November,67,Wilt,Chemical Pesticide,DAP,120,106,
Zucchini,Arka Shirish,Annual,Clayey,6.3,Medium,30,1618,41,Gujarat,December,October,194,Leaf Spot,Biological Control,Compost,69,64,
Zucchini,Kufri Chipsona 1,Annual,Loamy,5.9,Medium,34,1221,44,Kerala,November,October,151,Bacterial Blight,Biological Control,Potash,41,114,
Zucchini,N53,Zaid,Loamy,6.8,Low,37,303,45,Telangana,May,May,64,Blight,Integrated Pest Management,NPK,88,101,
Zucchini,WH 1105,Kharif,Black Soil,7.7,Medium,26,333,50,West Bengal,January,February,189,Blight,Integrated Pest Management,Potash,113,20,
Squash,Pusa Masoor 5,Kharif,Clayey,6,Medium,35,496,59,Tamil Nadu,May,April,180,Blight,Integrated Pest Management,Compost,49,71,
Squash,RD 2668,Annual,Sandy Loam,5.8,High,19,680,79,Haryana,April,April,165,Leaf Spot,Chemical Pesticide,Potash,59,93,
Squash,DBW 17,Zaid,Black Soil,5.8,High,23,1050,64,Bihar,July,May,182,Blight,Neem Oil Spray,DAP,69,99,
Squash,JS 95-60,Kharif,Loamy,7.4,Low,37,329,89,Uttar Pradesh,May,April,196,Leaf Spot,Neem Oil Spray,DAP,72,89,
Squash,Pusa Drumhead,Annual,Loamy,6.7,High,34,537,42,Andhra Pradesh,July,July,98,Bacterial Blight,Crop Rotation,NPK,43,57,
Squash,NRC 37,Rabi,Black Soil,5.8,Low,31,439,77,Karnataka,April,September,192,Leaf Spot,Chemical Pesticide,Nitrogen,67,139,
Squash,Arka Shirish,Kharif,Alluvial,7.5,Low,21,1686,45,Punjab,March,January,172,Bacterial Blight,Chemical Pesticide,Potash,108,48,
Squash,JG 14,Rabi,Sandy Loam,7.5,Medium,35,1164,78,Gujarat,November,July,195,Bacterial Blight,Biological Control,Nitrogen,36,117,
Squash,Co 86032,Zaid,Sandy Loam,6.9,Medium,25,899,47,Odisha,April,August,69,Rust,Chemical Pesticide,NPK,24,139,
Squash,TMV 7,Kharif,Clayey,6,Low,35,1473,87,Haryana,October,May,197,Leaf Spot,Neem Oil Spray,NPK,29,43,
Chayote,LBG 20,Zaid,Clayey,5.9,Low,25,1606,80,Bihar,January,January,170,Wilt,Biological Control,NPK,114,32,
Chayote,PL 639,Kharif,Black Soil,6.3,High,35,640,76,Odisha,March,November,71,Blight,Neem Oil Spray,Potash,90,43,
Chayote,Varuna,Zaid,Clayey,6.6,Medium,23,1485,61,Maharashtra,January,February,107,Blight,Crop Rotation,NPK,52,32,
Chayote,Pusa Snowball,Annual,Clayey,6.9,High,38,1740,63,Karnataka,October,July,105,Mildew,Chemical Pesticide,Nitrogen,87,120,
Chayote,GHB 558,Annual,Loamy,7.4,High,27,427,47,Madhya Pradesh,April,June,119,Mildew,Crop Rotation,DAP,116,81,
Chayote,ICTP 8203,Rabi,Alluvial,5.7,Low,31,1973,83,Punjab,April,November,153,Blight,Biological Control,DAP,45,77,
Chayote,SML 668,Rabi,Black Soil,7.3,Medium,23,1801,66,Madhya Pradesh,August,November,200,Bacterial Blight,Chemical Pesticide,Compost,102,111,
Chayote,Pusa Bold,Rabi,Black Soil,6.1,Low,26,894,82,Gujarat,September,March,138,Leaf Spot,Crop Rotation,DAP,60,49,
Chayote,Deccan 103,Zaid,Loamy,6.4,Low,38,966,80,Andhra Pradesh,May,October,111,Bacterial Blight,Neem Oil Spray,Compost,53,88,
Chayote,DHM 117,Zaid,Sandy Loam,5.7,Low,19,1315,46,Haryana,September,August,82,Rust,Biological Control,Nitrogen,87,107,
Snake Gourd,PL 639,Kharif,Clayey,7.7,Medium,19,951,78,Telangana,April,February,172,Blight,Crop Rotation,Nitrogen,110,13,
Snake Gourd,Arka Rakshak,Rabi,Clayey,7.1,Medium,35,323,70,Telangana,December,March,140,Bacterial Blight,Biological Control,NPK,46,118,
Snake Gourd,Samrat,Zaid,Alluvial,6.5,Medium,37,1751,89,Kerala,January,January,134,Mildew,Biological Control,Compost,92,34,
Snake Gourd,Pusa Basmati 1509,Kharif,Alluvial,5.9,High,25,1481,63,Bihar,June,May,96,Bacterial Blight,Biological Control,NPK,92,140,
Snake Gourd,CSH 16,Annual,Loamy,5.8,Low,36,1677,90,Maharashtra,August,January,103,Leaf Spot,Neem Oil Spray,DAP,79,17,
Snake Gourd,JG 11,Annual,Sandy Loam,7.3,Low,26,526,82,Maharashtra,November,October,107,Wilt,Biological Control,Potash,29,68,
Snake Gourd,Pusa 256,Rabi,Loamy,5.7,High,31,1257,48,Bihar,March,November,69,Bacterial Blight,Biological Control,Nitrogen,107,99,
Snake Gourd,Nantes,Kharif,Loamy,7,Medium,37,409,71,Andhra Pradesh,March,June,149,Bacterial Blight,Chemical Pesticide,NPK,82,142,
Snake Gourd,Pusa Ruby,Kharif,Clayey,5.9,Low,38,1435,74,Madhya Pradesh,December,February,176,Blight,Crop Rotation,Potash,59,33,
Snake Gourd,Pusa Rohini,Annual,Loamy,6.4,High,30,961,49,Bihar,July,August,92,Leaf Spot,Integrated Pest Management,DAP,110,70,
Ash Gourd,GPU 28,Rabi,Sandy Loam,5.7,Low,38,1684,48,Punjab,January,December,91,Wilt,Chemical Pesticide,Nitrogen,59,62,
Ash Gourd,Samrat,Kharif,Sandy Loam,7.2,Low,32,1077,45,Kerala,August,December,188,Rust,Biological Control,NPK,104,52,
Ash Gourd,Kalyan Sona,Kharif,Black Soil,7.5,High,29,2095,42,Bihar,June,February,61,Rust,Crop Rotation,Potash,61,52,
Ash Gourd,HD 2967,Kharif,Clayey,7.4,Low,33,1174,41,Haryana,January,January,75,Wilt,Biological Control,Potash,40,76,
Ash Gourd,CSV 20,Annual,Black Soil,5.6,Medium,18,779,56,West Bengal,September,December,171,Blight,Chemical Pesticide,DAP,87,16,
Ash Gourd,RCH2 Bt,Zaid,Loamy,6.9,Low,38,773,77,Telangana,June,April,89,Leaf Spot,Biological Control,Compost,119,137,
Ash Gourd,DHM 117,Rabi,Alluvial,5.7,High,29,1106,42,Punjab,September,March,178,Mildew,Neem Oil Spray,Nitrogen,81,72,
Ash Gourd,Pant Shubhra,Kharif,Black Soil,7.1,Medium,26,572,85,West Bengal,September,June,68,Rust,Biological Control,DAP,81,18,
Ash Gourd,PU 31,Annual,Black Soil,5.8,High,29,621,40,Bihar,March,August,80,Leaf Spot,Integrated Pest Management,DAP,56,120,
Ash Gourd,GHB 558,Rabi,Loamy,7.6,Low,35,2041,41,Rajasthan,March,April,119,Rust,Crop Rotation,Nitrogen,100,32,
Pointed Gourd,Pusa Red,Zaid,Alluvial,7.7,High,34,324,68,Bihar,January,February,176,Leaf Spot,Chemical Pesticide,Potash,115,137,
Pointed Gourd,Arka Nidhi,Annual,Loamy,6.7,High,18,1292,44,Odisha,April,May,62,Blight,Integrated Pest Management,Compost,74,133,
Pointed Gourd,Arka Anamika,Kharif,Sandy Loam,6.5,Low,23,2107,56,Madhya Pradesh,March,February,95,Wilt,Chemical Pesticide,DAP,84,24,
Pointed Gourd,SML 668,Rabi,Black Soil,7,High,23,2045,82,Andhra Pradesh,November,April,175,Leaf Spot,Integrated Pest Management,DAP,71,16,
Pointed Gourd,RT 46,Annual,Clayey,7.2,Medium,23,1437,45,Haryana,April,September,104,Blight,Integrated Pest Management,Compost,21,88,
Pointed Gourd,Kufri Chipsona 1,Annual,Loamy,7.6,Low,33,990,64,Uttar Pradesh,November,September,178,Rust,Integrated Pest Management,Potash,57,79,
Pointed Gourd,Morden,Rabi,Sandy Loam,5.9,High,24,1083,54,Bihar,October,December,124,Leaf Spot,Neem Oil Spray,Compost,76,115,
Pointed Gourd,ICTP 8203,Kharif,Black Soil,6.2,High,33,1155,48,Telangana,September,February,191,Wilt,Chemical Pesticide,DAP,88,105,
Pointed Gourd,T 13,Annual,Clayey,5.9,High,23,1561,51,Bihar,January,May,157,Rust,Chemical Pesticide,Nitrogen,65,149,
Pointed Gourd,Kufri Pukhraj,Annual,Sandy Loam,5.8,High,19,680,79,Haryana,April,April,165,Leaf Spot,Chemical Pesticide,Potash,59,93,
Cluster Beans,PDM 139,Rabi,Sandy Loam,7.8,Low,36,693,57,Rajasthan,August,September,65,Mildew,Chemical Pesticide,DAP,60,44,
Cluster Beans,CO 2,Zaid,Alluvial,7,High,24,1495,53,Bihar,May,September,140,Leaf Spot,Neem Oil Spray,DAP,66,136,
Cluster Beans,CSH 16,Annual,Alluvial,6.2,High,31,398,56,Maharashtra,April,October,65,Wilt,Biological Control,Nitrogen,39,110,
Cluster Beans,HD 2967,Kharif,Clayey,7.1,Low,26,1118,85,Kerala,February,June,63,Rust,Integrated Pest Management,Potash,114,57,
Cluster Beans,RT 46,Rabi,Loamy,5.9,High,32,1596,40,West Bengal,August,August,106,Rust,Integrated Pest Management,NPK,55,10,
Cluster Beans,Kalyan Sona,Kharif,Clayey,7,Low,25,669,75,Uttar Pradesh,February,September,90,Leaf Spot,Integrated Pest Management,Compost,81,128,
Cluster Beans,JG 14,Rabi,Loamy,6.1,High,23,1637,84,Tamil Nadu,June,July,80,Leaf Spot,Biological Control,Nitrogen,94,46,
Cluster Beans,Kufri Jyoti,Rabi,Clayey,6.5,Medium,21,550,88,Tamil Nadu,October,November,139,Mildew,Biological Control,DAP,28,13,
Cluster Beans,LBG 20,Annual,Alluvial,7,High,24,1588,45,Uttar Pradesh,December,June,175,Bacterial Blight,Integrated Pest Management,DAP,50,37,
Cluster Beans,JG 11,Rabi,Loamy,6.3,High,30,1144,62,Rajasthan,July,December,102,Bacterial Blight,Biological Control,Compost,66,120,
French Beans,Rohini,Rabi,Sandy Loam,6.9,High,37,1368,40,Andhra Pradesh,June,October,142,Bacterial Blight,Biological Control,Potash,32,71,
French Beans,RCH2 Bt,Annual,Sandy Loam,6.8,Medium,24,732,83,Karnataka,February,March,180,Wilt,Integrated Pest Management,Nitrogen,68,104,
French Beans,Morden,Annual,Sandy Loam,7.4,High,37,1262,40,Uttar Pradesh,May,February,167,Wilt,Neem Oil Spray,Compost,74,12,
French Beans,KBSH 41,Zaid,Clayey,6.3,High,27,896,67,Andhra Pradesh,October,March,113,Mildew,Chemical Pesticide,Potash,116,13,
French Beans,Asha,Kharif,Black Soil,6.9,Low,19,2059,60,Andhra Pradesh,September,December,157,Leaf Spot,Neem Oil Spray,NPK,94,67,
French Beans,Golden Acre,Kharif,Loamy,5.7,High,27,2146,83,Bihar,May,June,155,Blight,Chemical Pesticide,Nitrogen,21,135,
French Beans,Arka Vikas,Rabi,Alluvial,6.2,Medium,38,961,79,Uttar Pradesh,January,July,191,Leaf Spot,Integrated Pest Management,Nitrogen,84,23,
French Beans,WH 1105,Zaid,Clayey,7.3,Low,20,1893,53,Punjab,May,June,196,Rust,Biological Control,NPK,61,58,
French Beans,Samba Mahsuri,Zaid,Alluvial,6.5,Medium,37,1751,89,Kerala,January,January,134,Mildew,Biological Control,Compost,92,34,
French Beans,Mallika Bt,Zaid,Sandy Loam,7.4,High,21,1798,42,Odisha,January,May,62,Bacterial Blight,Neem Oil Spray,Potash,116,130,
Hyacinth Bean,Pusa Basmati 1121,Rabi,Clayey,5.7,Low,18,702,53,Karnataka,August,May,100,Wilt,Integrated Pest Management,Nitrogen,50,101,
Hyacinth Bean,Lok 1,Kharif,Clayey,6,Low,36,1265,41,Andhra Pradesh,October,January,133,Mildew,Chemical Pesticide,NPK,112,138,
Hyacinth Bean,RT 46,Annual,Alluvial,7.6,Low,23,1597,48,Punjab,August,March,189,Blight,Chemical Pesticide,Potash,45,39,
Hyacinth Bean,Maruti,Zaid,Black Soil,7.6,Low,34,945,63,Andhra Pradesh,August,June,96,Mildew,Chemical Pesticide,DAP,60,12,
Hyacinth Bean,RD 2035,Rabi,Black Soil,5.6,Low,27,1009,64,Andhra Pradesh,January,September,178,Blight,Neem Oil Spray,Compost,118,56,
Hyacinth Bean,Rohini,Rabi,Alluvial,6.6,Medium,24,1218,66,Karnataka,July,June,83,Leaf Spot,Neem Oil Spray,Nitrogen,22,97,
Hyacinth Bean,Arka Nidhi,Zaid,Sandy Loam,5.8,Medium,20,1568,61,Madhya Pradesh,October,October,61,Rust,Chemical Pesticide,Potash,108,55,
Hyacinth Bean,Pusa Purple Long,Kharif,Clayey,7.1,High,37,602,74,Telangana,February,March,85,Rust,Biological Control,Nitrogen,35,58,
Hyacinth Bean,LBG 20,Annual,Clayey,6.7,Medium,31,582,66,Tamil Nadu,December,February,93,Rust,Crop Rotation,Potash,32,64,
Hyacinth Bean,Pusa Kesar,Kharif,Clayey,6.2,Medium,28,1604,75,Haryana,November,March,169,Blight,Neem Oil Spray,DAP,101,114,
Winged Bean,UPAS 120,Zaid,Loamy,6.6,High,32,885,63,Maharashtra,October,October,170,Blight,Neem Oil Spray,Potash,104,66,
Winged Bean,Mallika Bt,Annual,Alluvial,6.5,Medium,31,771,60,Punjab,February,November,198,Wilt,Neem Oil Spray,DAP,115,103,
Winged Bean,Vivek QPM 9,Annual,Clayey,5.6,Low,33,2070,46,Odisha,January,February,89,Rust,Integrated Pest Management,Nitrogen,64,100,
Winged Bean,Lok 1,Zaid,Black Soil,5.9,Low,21,1709,87,Maharashtra,October,April,191,Rust,Integrated Pest Management,Potash,58,148,
Winged Bean,JS 335,Kharif,Loamy,6.8,Low,38,1014,57,Punjab,October,December,81,Mildew,Biological Control,Potash,102,61,
Winged Bean,RD 2552,Kharif,Black Soil,7,Medium,23,1978,42,Uttar Pradesh,February,July,79,Leaf Spot,Integrated Pest Management,DAP,60,16,
Winged Bean,Arka Shirish,Rabi,Alluvial,6.7,Low,23,1704,50,Karnataka,January,June,159,Rust,Biological Control,Nitrogen,39,132,
Winged Bean,JG 14,Rabi,Black Soil,5.6,Medium,32,2031,90,Andhra Pradesh,April,June,200,Leaf Spot,Neem Oil Spray,Compost,25,75,
Winged Bean,Swarna,Rabi,Clayey,5.8,Low,34,1883,51,Tamil Nadu,February,April,150,Mildew,Chemical Pesticide,Nitrogen,31,13,
Winged Bean,MACS 450,Kharif,Loamy,6.8,Low,18,969,41,Uttar Pradesh,November,March,193,Wilt,Biological Control,Compost,57,143,
Lima Bean,JS 95-60,Rabi,Clayey,7.6,Low,23,1785,41,Bihar,September,February,161,Leaf Spot,Chemical Pesticide,DAP,102,133,
Lima Bean,Asha,Rabi,Loamy,7.5,High,23,1698,73,Punjab,November,February,164,Bacterial Blight,Chemical Pesticide,NPK,100,13,
Lima Bean,RD 2668,Annual,Clayey,6.1,High,31,585,50,Punjab,March,January,61,Mildew,Chemical Pesticide,Potash,23,39,
Lima Bean,Samba Mahsuri,Zaid,Alluvial,6,Low,37,996,89,Tamil Nadu,August,September,200,Bacterial Blight,Chemical Pesticide,Nitrogen,115,132,
Lima Bean,PL 406,Rabi,Loamy,7.3,Medium,26,1735,87,Tamil Nadu,November,April,149,Blight,Integrated Pest Management,NPK,61,122,
Lima Bean,DBW 17,Kharif,Black Soil,6.8,Medium,35,518,63,Kerala,August,September,135,Rust,Neem Oil Spray,DAP,39,142,
Lima Bean,HD 3086,Rabi,Alluvial,7.2,Medium,21,1966,53,Andhra Pradesh,October,September,200,Blight,Crop Rotation,NPK,36,112,
Lima Bean,Ganga 5,Rabi,Loamy,5.9,Medium,32,2078,58,Karnataka,March,January,194,Bacterial Blight,Integrated Pest Management,DAP,97,36,
Lima Bean,Co 0238,Rabi,Loamy,7.3,Low,33,343,75,Madhya Pradesh,September,April,195,Mildew,Crop Rotation,Nitrogen,43,149,
Lima Bean,SML 668,Zaid,Sandy Loam,6.3,Low,32,1039,84,West Bengal,October,July,63,Wilt,Chemical Pesticide,NPK,120,126,
Fava Bean,RT 46,Kharif,Alluvial,6.3,High,27,1573,83,Punjab,September,December,183,Wilt,Integrated Pest Management,Nitrogen,109,30,
Fava Bean,Morden,Zaid,Clayey,7.5,Low,33,404,64,Karnataka,March,December,138,Mildew,Neem Oil Spray,Compost,100,102,
Fava Bean,Co 0118,Zaid,Clayey,6.7,Medium,21,2011,50,Rajasthan,April,March,125,Bacterial Blight,Crop Rotation,Nitrogen,57,49,
Fava Bean,CSH 16,Annual,Black Soil,6,Medium,34,409,83,Uttar Pradesh,October,July,168,Wilt,Biological Control,Potash,119,49,
Fava Bean,Deccan 103,Kharif,Clayey,6,Medium,35,496,59,Tamil Nadu,May,April,180,Blight,Integrated Pest Management,Compost,49,71,
Fava Bean,Pusa Basmati 1121,Kharif,Clayey,6.7,Low,25,862,61,Telangana,October,May,63,Wilt,Biological Control,Potash,118,21,
Fava Bean,Maruti,Annual,Clayey,7.1,Medium,28,984,56,Uttar Pradesh,July,December,150,Blight,Chemical Pesticide,DAP,42,91,
Fava Bean,JL 24,Zaid,Alluvial,6.5,Medium,37,1503,61,Uttar Pradesh,October,January,125,Mildew,Chemical Pesticide,Nitrogen,62,59,
Fava Bean,ML 365,Kharif,Loamy,7,Low,33,1039,53,Odisha,August,August,181,Mildew,Neem Oil Spray,Potash,60,148,
Fava Bean,TAG 24,Kharif,Loamy,5.7,High,27,2146,83,Bihar,May,June,155,Blight,Chemical Pesticide,Nitrogen,21,135,
Red Gram,Co 0118,Annual,Clayey,7.6,Medium,26,637,85,Rajasthan,October,July,159,Leaf Spot,Integrated Pest Management,NPK,45,118,
Red Gram,Pusa Kesar,Rabi,Black Soil,7.1,Medium,37,344,46,Tamil Nadu,October,January,83,Mildew,Chemical Pesticide,Nitrogen,103,137,
Red Gram,TMV 7,Rabi,Clayey,5.7,Medium,30,1384,82,Bihar,April,April,150,Mildew,Biological Control,NPK,42,13,
Red Gram,Pratap Makka 5,Zaid,Loamy,6.2,Medium,34,1119,50,Uttar Pradesh,March,August,68,Rust,Neem Oil Spray,NPK,76,119,
Red Gram,T9,Rabi,Black Soil,5.6,Low,19,940,41,Andhra Pradesh,November,December,84,Rust,Chemical Pesticide,Compost,71,111,
Red Gram,Arka Rakshak,Annual,Clayey,7.6,Low,21,1961,53,Andhra Pradesh,September,November,83,Leaf Spot,Crop Rotation,DAP,44,22,
Red Gram,Arka Anamika,Kharif,Clayey,7.4,Low,33,1174,41,Haryana,January,January,75,Wilt,Biological Control,Potash,40,76,
Red Gram,PDM 139,Zaid,Black Soil,6,High,30,2079,67,Madhya Pradesh,June,November,134,Wilt,Neem Oil Spray,NPK,39,110,
Red Gram,Lok 1,Kharif,Clayey,7.7,Medium,19,951,78,Telangana,April,February,172,Blight,Crop Rotation,Nitrogen,110,13,
Red Gram,UPAS 120,Rabi,Alluvial,6.1,Low,20,676,76,Andhra Pradesh,March,March,124,Rust,Neem Oil Spray,Nitrogen,79,125,
White Pea,CO 2,Rabi,Alluvial,6.7,High,31,1481,43,Haryana,September,November,79,Mildew,Crop Rotation,Potash,119,55,
White Pea,RD 2035,Zaid,Black Soil,6.6,Medium,37,844,49,Tamil Nadu,March,January,149,Bacterial Blight,Chemical Pesticide,NPK,88,125,
White Pea,Pusa Basmati 1121,Rabi,Black Soil,6.4,Medium,26,1175,83,Odisha,August,April,148,Mildew,Integrated Pest Management,NPK,82,63,
White Pea,Kufri Bahar,Annual,Sandy Loam,7.1,Low,18,341,41,West Bengal,November,June,72,Bacterial Blight,Chemical Pesticide,NPK,79,144,
White Pea,TMV 7,Zaid,Sandy Loam,6.1,Medium,34,1737,74,Maharashtra,May,May,175,Rust,Chemical Pesticide,DAP,83,100,
White Pea,ICTP 8203,Zaid,Alluvial,5.5,High,36,701,54,Uttar Pradesh,June,July,150,Wilt,Neem Oil Spray,NPK,27,67,
White Pea,JG 11,Zaid,Alluvial,7.1,Low,21,1239,69,Kerala,February,February,60,Bacterial Blight,Crop Rotation,NPK,90,107,
White Pea,Vivek QPM 9,Annual,Clayey,7.2,Medium,38,1624,53,Tamil Nadu,March,September,137,Leaf Spot,Biological Control,Nitrogen,46,126,
White Pea,ML 365,Zaid,Black Soil,6,High,26,1800,90,Kerala,April,February,64,Rust,Chemical Pesticide,NPK,93,17,
White Pea,PBW 343,Zaid,Clayey,7.7,Low,32,1665,46,Haryana,March,May,77,Leaf Spot,Crop Rotation,Nitrogen,79,21,
Adzuki Bean,IR64,Rabi,Black Soil,7.3,High,35,927,68,Maharashtra,June,March,156,Mildew,Neem Oil Spray,Compost,40,110,
Adzuki Bean,ADT 43,Rabi,Black Soil,7.3,High,25,1523,58,Bihar,November,June,128,Blight,Chemical Pesticide,Compost,51,70,
Adzuki Bean,CSH 14,Zaid,Loamy,7.4,High,26,1993,59,Rajasthan,November,August,89,Blight,Crop Rotation,Nitrogen,105,29,
Adzuki Bean,Rohini,Kharif,Alluvial,7.4,Medium,35,1171,90,Madhya Pradesh,August,June,170,Bacterial Blight,Crop Rotation,Potash,46,147,
Adzuki Bean,Arka Rakshak,Kharif,Alluvial,6.3,Medium,33,2176,57,Gujarat,July,June,84,Rust,Biological Control,Nitrogen,39,29,
Adzuki Bean,RD 2035,Annual,Alluvial,5.7,High,32,423,57,Haryana,July,August,136,Wilt,Chemical Pesticide,DAP,71,90,
Adzuki Bean,Pusa Sawani,Rabi,Black Soil,7,High,23,2045,82,Andhra Pradesh,November,April,175,Leaf Spot,Integrated Pest Management,DAP,71,16,
Adzuki Bean,Kranti,Zaid,Sandy Loam,6.1,Medium,34,1737,74,Maharashtra,May,May,175,Rust,Chemical Pesticide,DAP,83,100,
Adzuki Bean,T9,Kharif,Clayey,7.7,Low,26,1395,76,Telangana,September,May,167,Mildew,Crop Rotation,Compost,105,30,
Adzuki Bean,Arka Nidhi,Kharif,Alluvial,7.4,Medium,32,624,47,West Bengal,September,November,177,Blight,Chemical Pesticide,Potash,58,82,
Tepary Bean,Pusa Masoor 5,Kharif,Sandy Loam,6.9,Medium,28,525,60,Telangana,July,June,116,Leaf Spot,Crop Rotation,DAP,22,109,
Tepary Bean,Rohini,Annual,Sandy Loam,6.8,High,25,1404,54,Andhra Pradesh,July,November,198,Blight,Chemical Pesticide,NPK,65,97,
Tepary Bean,Ganga 5,Annual,Alluvial,6.3,Low,34,480,78,Punjab,October,September,83,Rust,Integrated Pest Management,DAP,117,117,
Tepary Bean,PU 31,Kharif,Alluvial,7.2,High,25,2053,74,Telangana,October,February,119,Rust,Crop Rotation,DAP,47,106,
Tepary Bean,Samrat,Annual,Alluvial,5.7,High,32,423,57,Haryana,July,August,136,Wilt,Chemical Pesticide,DAP,71,90,
Tepary Bean,Pusa Snowball,Rabi,Clayey,7.7,Low,29,1731,56,Andhra Pradesh,December,December,200,Leaf Spot,Neem Oil Spray,DAP,48,119,
Tepary Bean,CSV 20,Kharif,Loamy,7.2,High,35,2046,55,Rajasthan,March,January,180,Blight,Biological Control,Compost,80,82,
Tepary Bean,PDM 139,Annual,Black Soil,6.5,Medium,33,971,58,West Bengal,August,April,94,Mildew,Integrated Pest Management,Nitrogen,29,77,
Tepary Bean,JG 11,Annual,Sandy Loam,5.7,Low,22,957,84,Gujarat,November,January,134,Mildew,Integrated Pest Management,DAP,27,41,
Tepary Bean,Deccan 103,Kharif,Clayey,7.6,Low,33,1942,55,Bihar,April,May,113,Mildew,Biological Control,NPK,85,88,
Bambara Groundnut,CO 2,Zaid,Clayey,6.3,Low,31,467,58,Haryana,July,December,155,Leaf Spot,Chemical Pesticide,NPK,37,76,
Bambara Groundnut,Pusa Bold,Zaid,Black Soil,5.6,Low,31,699,71,Haryana,July,December,74,Mildew,Neem Oil Spray,Nitrogen,68,127,
Bambara Groundnut,GPU 28,Annual,Clayey,6.7,Medium,31,582,66,Tamil Nadu,December,February,93,Rust,Crop Rotation,Potash,32,64,
Bambara Groundnut,Arka Rakshak,Zaid,Alluvial,6.5,Medium,37,1751,89,Kerala,January,January,134,Mildew,Biological Control,Compost,92,34,
Bambara Groundnut,Pratap Makka 5,Kharif,Clayey,6.3,Medium,21,1605,89,Punjab,September,January,84,Mildew,Chemical Pesticide,NPK,66,88,
Bambara Groundnut,Kadiri 6,Annual,Loamy,7.4,Medium,27,2058,56,Maharashtra,October,February,126,Bacterial Blight,Biological Control,Compost,90,17,
Bambara Groundnut,SML 668,Zaid,Black Soil,6.3,High,22,1583,44,Andhra Pradesh,March,October,96,Bacterial Blight,Neem Oil Spray,Potash,69,135,
Bambara Groundnut,CSH 14,Kharif,Sandy Loam,5.6,Medium,29,1000,67,Punjab,March,February,188,Rust,Crop Rotation,Nitrogen,107,45,
Bambara Groundnut,Pusa Rohini,Kharif,Loamy,6.4,High,27,1163,67,Rajasthan,September,March,105,Rust,Biological Control,NPK,60,92,
Bambara Groundnut,Deccan 103,Annual,Alluvial,7.5,Low,33,1260,75,Telangana,February,June,78,Blight,Neem Oil Spray,NPK,115,54,
Lupin,Pant U 19,Zaid,Alluvial,7.6,Medium,35,1764,55,Uttar Pradesh,February,July,170,Bacterial Blight,Integrated Pest Management,Potash,29,142,
Lupin,Arka Anamika,Rabi,Alluvial,6.7,High,31,1481,43,Haryana,September,November,79,Mildew,Crop Rotation,Potash,119,55,
Lupin,Samrat,Rabi,Black Soil,7.3,Medium,23,1801,66,Madhya Pradesh,August,November,200,Bacterial Blight,Chemical Pesticide,Compost,102,111,
Lupin,Varuna,Rabi,Black Soil,5.7,High,25,621,80,Telangana,March,November,67,Wilt,Chemical Pesticide,DAP,120,106,
Lupin,Kufri Bahar,Zaid,Alluvial,7,Low,29,1108,72,Andhra Pradesh,April,March,144,Leaf Spot,Neem Oil Spray,DAP,58,72,
Lupin,Co 0238,Zaid,Clayey,5.7,Low,18,485,85,Maharashtra,August,July,165,Bacterial Blight,Chemical Pesticide,Compost,48,28,
Lupin,KBSH 41,Zaid,Clayey,5.6,Medium,34,592,75,Andhra Pradesh,February,November,136,Leaf Spot,Chemical Pesticide,Compost,39,61,
Lupin,Pusa Kranti,Zaid,Alluvial,7.3,Medium,22,794,84,Punjab,September,July,173,Wilt,Neem Oil Spray,Potash,88,82,
Lupin,GPU 45,Rabi,Clayey,6.8,Low,23,1806,63,Haryana,July,April,100,Leaf Spot,Neem Oil Spray,Potash,29,48,
Lupin,Kadiri 6,Rabi,Loamy,7.6,Medium,36,2197,47,Bihar,July,September,192,Blight,Chemical Pesticide,Potash,32,85,
Canary Seed,MTU1010,Rabi,Clayey,5.7,Low,18,702,53,Karnataka,August,May,100,Wilt,Integrated Pest Management,Nitrogen,50,101,
Canary Seed,Pant U 19,Annual,Loamy,7.4,Medium,27,2058,56,Maharashtra,October,February,126,Bacterial Blight,Biological Control,Compost,90,17,
Canary Seed,Ganga 5,Annual,Loamy,6.8,Medium,29,427,90,Karnataka,August,November,136,Leaf Spot,Chemical Pesticide,DAP,86,31,
Canary Seed,ICPL 87119,Annual,Loamy,7.4,High,32,1589,70,Tamil Nadu,April,February,81,Bacterial Blight,Integrated Pest Management,Potash,104,134,
Canary Seed,Kadiri 6,Zaid,Clayey,6.5,Low,25,630,58,Madhya Pradesh,February,October,81,Leaf Spot,Chemical Pesticide,Potash,84,35,
Canary Seed,Pusa Vishal,Zaid,Alluvial,7.6,High,22,1521,76,Haryana,July,August,194,Mildew,Biological Control,Compost,38,101,
Canary Seed,Varsha Uphar,Rabi,Loamy,6.8,Medium,28,709,49,Madhya Pradesh,November,September,200,Rust,Biological Control,Compost,120,84,
Canary Seed,LBG 20,Rabi,Sandy Loam,5.7,Low,34,490,68,Odisha,June,May,96,Bacterial Blight,Crop Rotation,Nitrogen,69,26,
Canary Seed,Pusa Basmati 1509,Kharif,Black Soil,6.3,Medium,19,672,58,West Bengal,October,August,87,Bacterial Blight,Biological Control,Nitrogen,50,96,
Canary Seed,Pusa Red,Zaid,Black Soil,7,Low,26,1317,55,Maharashtra,August,May,100,Mildew,Chemical Pesticide,Potash,102,129,
Job's Tears,JS 335,Rabi,Black Soil,6.2,Low,23,893,65,Andhra Pradesh,January,February,177,Rust,Chemical Pesticide,Potash,114,131,
Job's Tears,Pant Shubhra,Annual,Loamy,7.7,High,31,714,76,Andhra Pradesh,January,November,107,Leaf Spot,Chemical Pesticide,DAP,29,74,
Job's Tears,UPAS 120,Annual,Sandy Loam,5.8,Medium,33,2029,48,Madhya Pradesh,November,November,131,Leaf Spot,Integrated Pest Management,Potash,66,82,
Job's Tears,Samba Mahsuri,Rabi,Sandy Loam,6.2,Low,25,910,40,Madhya Pradesh,August,November,200,Leaf Spot,Chemical Pesticide,Nitrogen,35,43,
Job's Tears,Agrifound Light Red,Zaid,Loamy,6.5,High,22,1164,55,Gujarat,October,August,200,Blight,Biological Control,NPK,59,28,
Job's Tears,Varsha Uphar,Rabi,Loamy,5.8,High,24,1866,60,Punjab,April,July,105,Bacterial Blight,Integrated Pest Management,Compost,67,140,
Job's Tears,RHB 121,Kharif,Sandy Loam,6.2,Medium,30,1246,90,Karnataka,June,July,200,Leaf Spot,Crop Rotation,DAP,90,61,
Job's Tears,KBSH 41,Zaid,Black Soil,6.7,High,22,715,55,Punjab,January,February,107,Bacterial Blight,Integrated Pest Management,NPK,38,128,
Job's Tears,Arka Vikas,Zaid,Alluvial,5.7,Low,33,1983,51,Kerala,June,September,77,Leaf Spot,Chemical Pesticide,Compost,32,13,
Job's Tears,HD 2967,Kharif,Black Soil,6.4,Low,22,2187,47,Kerala,March,November,88,Bacterial Blight,Integrated Pest Management,NPK,97,45,
Fonio,CSH 16,Rabi,Black Soil,6.5,Medium,25,1131,85,Rajasthan,September,August,79,Leaf Spot,Chemical Pesticide,Potash,88,84,
Fonio,HD 2967,Annual,Clayey,6,Low,36,1837,77,Rajasthan,July,May,97,Bacterial Blight,Chemical Pesticide,Compost,56,32,
Fonio,Arka Anamika,Rabi,Alluvial,7.5,Low,20,1386,71,Bihar,April,January,65,Rust,Crop Rotation,Nitrogen,118,131,
Fonio,Asha,Zaid,Clayey,7.1,High,31,1124,46,Kerala,May,December,92,Leaf Spot,Chemical Pesticide,Compost,116,34,
Fonio,Pant U 19,Rabi,Alluvial,6,High,29,332,43,Madhya Pradesh,August,August,144,Bacterial Blight,Neem Oil Spray,NPK,61,34,
Fonio,JG 14,Kharif,Loamy,6.3,Low,25,1632,66,Kerala,January,July,200,Blight,Biological Control,Compost,67,68,
Fonio,HHB 67,Rabi,Black Soil,5.5,Low,29,397,65,Kerala,January,April,134,Mildew,Neem Oil Spray,Compost,37,77,
Fonio,RHB 121,Zaid,Clayey,6.8,Medium,37,1207,86,Karnataka,August,December,181,Leaf Spot,Integrated Pest Management,NPK,42,142,
Fonio,Swarna,Rabi,Clayey,6.8,Low,23,1806,63,Haryana,July,April,100,Leaf Spot,Neem Oil Spray,Potash,29,48,
Fonio,Pusa Masoor 5,Zaid,Black Soil,6.4,High,24,304,90,Bihar,March,September,188,Leaf Spot,Chemical Pesticide,Compost,92,116,
Kodo Millet,Pusa Kesar,Kharif,Sandy Loam,6.8,Low,25,1410,89,Odisha,June,November,191,Rust,Chemical Pesticide,Nitrogen,98,35,
Kodo Millet,T 13,Kharif,Alluvial,6.4,High,33,490,86,Haryana,October,December,106,Wilt,Biological Control,Nitrogen,119,62,
Kodo Millet,Co 0238,Rabi,Alluvial,6.8,Medium,30,643,49,Karnataka,February,March,158,Leaf Spot,Biological Control,Compost,76,24,
Kodo Millet,CSH 14,Annual,Loamy,5.6,High,28,1733,57,Telangana,June,April,126,Blight,Crop Rotation,Compost,21,108,
Kodo Millet,Pusa Drumhead,Kharif,Black Soil,6.7,Low,32,981,65,Madhya Pradesh,December,June,154,Leaf Spot,Biological Control,DAP,51,36,
Kodo Millet,Lok 1,Zaid,Black Soil,7.3,High,37,1542,57,Gujarat,September,January,138,Blight,Integrated Pest Management,Potash,51,135,
Kodo Millet,KBSH 1,Annual,Sandy Loam,6,Medium,18,1009,62,Odisha,November,January,190,Wilt,Biological Control,Potash,35,45,
Kodo Millet,Bunny Bt,Rabi,Black Soil,6.4,Low,37,547,53,Odisha,November,May,116,Rust,Neem Oil Spray,DAP,65,83,
Kodo Millet,LBG 20,Rabi,Alluvial,6.1,High,31,1047,88,Telangana,September,December,122,Bacterial Blight,Integrated Pest Management,NPK,48,124,
Kodo Millet,Pusa 256,Rabi,Black Soil,5.9,Low,29,2189,63,Gujarat,October,September,80,Blight,Crop Rotation,DAP,51,65,
Barnyard Millet,Samba Mahsuri,Zaid,Alluvial,6.5,Low,21,1749,89,Telangana,November,June,133,Blight,Biological Control,Potash,103,112,
Barnyard Millet,KBSH 41,Kharif,Sandy Loam,7.7,Low,28,722,68,Andhra Pradesh,March,May,87,Mildew,Crop Rotation,Compost,56,120,
Barnyard Millet,Indaf 9,Annual,Loamy,6.6,Medium,25,1391,48,Gujarat,October,July,63,Mildew,Chemical Pesticide,Potash,57,11,
Barnyard Millet,RD 2552,Zaid,Sandy Loam,6.1,Medium,33,2093,40,Haryana,March,July,72,Blight,Integrated Pest Management,DAP,70,20,
Barnyard Millet,Kufri Bahar,Zaid,Clayey,6.3,High,27,896,67,Andhra Pradesh,October,March,113,Mildew,Chemical Pesticide,Potash,116,13,
Barnyard Millet,HQPM 1,Rabi,Black Soil,5.5,Medium,35,683,48,Madhya Pradesh,February,January,184,Leaf Spot,Biological Control,NPK,116,51,
Barnyard Millet,Pusa Basmati 1121,Rabi,Black Soil,7.1,High,18,1168,63,Madhya Pradesh,August,August,178,Bacterial Blight,Biological Control,NPK,115,69,
Barnyard Millet,Golden Acre,Kharif,Black Soil,6.2,High,35,759,67,Karnataka,July,December,127,Leaf Spot,Neem Oil Spray,Nitrogen,43,41,
Barnyard Millet,CSV 20,Annual,Alluvial,5.6,Low,22,402,48,Uttar Pradesh,February,May,148,Rust,Chemical Pesticide,DAP,49,34,
Barnyard Millet,Arka Nidhi,Rabi,Sandy Loam,6.1,High,23,620,64,Punjab,October,May,70,Wilt,Neem Oil Spray,Compost,77,130,
Brown Top Millet,Pratap Makka 5,Annual,Clayey,6.3,Medium,30,1618,41,Gujarat,December,October,194,Leaf Spot,Biological Control,Compost,69,64,
Brown Top Millet,TMV 7,Zaid,Alluvial,7.4,High,18,1049,90,Haryana,April,August,88,Wilt,Chemical Pesticide,Compost,57,90,
Brown Top Millet,ML 365,Rabi,Alluvial,7.2,Medium,21,1966,53,Andhra Pradesh,October,September,200,Blight,Crop Rotation,NPK,36,112,
Brown Top Millet,MTU1010,Annual,Alluvial,7.5,Low,33,1260,75,Telangana,February,June,78,Blight,Neem Oil Spray,NPK,115,54,
Brown Top Millet,ICPL 87119,Kharif,Loamy,5.5,High,33,1895,86,West Bengal,August,March,104,Leaf Spot,Neem Oil Spray,Potash,44,10,
Brown Top Millet,ADT 43,Rabi,Clayey,5.7,Medium,38,1130,67,Maharashtra,February,September,197,Bacterial Blight,Biological Control,DAP,96,98,
Brown Top Millet,Pusa Snowball,Annual,Alluvial,5.7,High,32,423,57,Haryana,July,August,136,Wilt,Chemical Pesticide,DAP,71,90,
Brown Top Millet,Co 99004,Annual,Loamy,6.4,Low,25,1830,57,Rajasthan,January,July,135,Bacterial Blight,Chemical Pesticide,NPK,60,30,
Brown Top Millet,TC 25,Rabi,Black Soil,7.1,Low,23,732,76,Karnataka,December,March,79,Mildew,Chemical Pesticide,NPK,107,128,
Brown Top Millet,Vijay,Annual,Black Soil,7,Medium,24,1480,73,Odisha,January,October,92,Wilt,Neem Oil Spray,Potash,117,109,
Triticale,JS 95-60,Rabi,Alluvial,6.8,High,35,471,68,Punjab,June,December,123,Mildew,Crop Rotation,DAP,66,121,
Triticale,Pant U 19,Zaid,Clayey,5.8,Medium,18,1821,44,Madhya Pradesh,August,November,119,Blight,Crop Rotation,Nitrogen,114,101,
Triticale,JG 11,Rabi,Sandy Loam,6.4,Medium,24,330,44,Odisha,August,April,158,Blight,Biological Control,DAP,39,116,
Triticale,Pusa Red,Kharif,Clayey,7.2,Low,34,818,73,Bihar,November,January,88,Blight,Integrated Pest Management,Compost,35,129,
Triticale,Bhima Super,Kharif,Loamy,6.9,Low,34,1282,65,Rajasthan,October,April,127,Blight,Integrated Pest Management,Compost,31,147,
Triticale,Vivek QPM 9,Rabi,Sandy Loam,6.6,High,24,1886,76,Rajasthan,August,April,64,Leaf Spot,Chemical Pesticide,DAP,31,81,
Triticale,Pusa Masoor 5,Zaid,Alluvial,5.7,Low,33,1983,51,Kerala,June,September,77,Leaf Spot,Chemical Pesticide,Compost,32,13,
Triticale,Kufri Jyoti,Kharif,Alluvial,6.3,Medium,33,2176,57,Gujarat,July,June,84,Rust,Biological Control,Nitrogen,39,29,
Triticale,DHM 117,Annual,Clayey,6.9,Medium,36,1650,49,Karnataka,June,May,183,Blight,Neem Oil Spray,Nitrogen,111,35,
Triticale,CO 2,Kharif,Loamy,6.1,Medium,33,1194,52,Kerala,November,January,148,Leaf Spot,Chemical Pesticide,DAP,85,50,
Spelt,Nantes,Annual,Alluvial,6.8,Medium,26,1276,80,Karnataka,May,August,176,Blight,Crop Rotation,Potash,119,140,
Spelt,Arka Nidhi,Rabi,Alluvial,6.1,Low,37,591,85,Uttar Pradesh,June,January,118,Leaf Spot,Biological Control,DAP,115,61,
Spelt,MACS 450,Rabi,Black Soil,7.7,High,38,977,56,Punjab,December,July,149,Rust,Biological Control,Nitrogen,37,107,
Spelt,Varsha Uphar,Kharif,Clayey,5.9,Low,38,1435,74,Madhya Pradesh,December,February,176,Blight,Crop Rotation,Potash,59,33,
Spelt,WH 1105,Annual,Loamy,7.2,High,23,1571,84,Kerala,May,August,188,Wilt,Neem Oil Spray,Nitrogen,52,134,
Spelt,Deccan 103,Zaid,Alluvial,7.3,Low,28,2165,65,Telangana,March,April,66,Rust,Neem Oil Spray,NPK,54,12,
Spelt,Pusa Vishal,Zaid,Sandy Loam,7.1,High,26,2113,63,Bihar,February,April,95,Wilt,Integrated Pest Management,Nitrogen,71,24,
Spelt,Kalyan Sona,Zaid,Black Soil,6.6,Medium,37,844,49,Tamil Nadu,March,January,149,Bacterial Blight,Chemical Pesticide,NPK,88,125,
Spelt,CSV 20,Rabi,Black Soil,6.4,High,20,970,42,West Bengal,April,August,137,Leaf Spot,Crop Rotation,Potash,116,68,
Spelt,KBSH 1,Annual,Sandy Loam,7.3,Medium,29,720,55,Bihar,February,June,190,Mildew,Integrated Pest Management,NPK,32,91,
Durum Wheat,Pant U 19,Rabi,Sandy Loam,6.2,Medium,19,1912,53,Kerala,May,May,173,Rust,Crop Rotation,DAP,39,15,
Durum Wheat,Pusa Basmati 1121,Kharif,Sandy Loam,6.8,Low,25,1410,89,Odisha,June,November,191,Rust,Chemical Pesticide,Nitrogen,98,35,
Durum Wheat,TMV 7,Rabi,Black Soil,6.8,Medium,27,463,89,Andhra Pradesh,May,May,96,Bacterial Blight,Neem Oil Spray,DAP,40,130,
Durum Wheat,Pusa Kranti,Annual,Loamy,5.7,Low,18,1294,87,Gujarat,December,February,152,Bacterial Blight,Biological Control,DAP,87,101,
Durum Wheat,Pusa Basmati 1509,Rabi,Clayey,7.6,Low,23,1785,41,Bihar,September,February,161,Leaf Spot,Chemical Pesticide,DAP,102,133,
Durum Wheat,Kadiri 6,Zaid,Loamy,7.5,Medium,38,523,48,Karnataka,February,December,195,Mildew,Biological Control,Nitrogen,69,21,
Durum Wheat,DHM 117,Kharif,Sandy Loam,7.5,Low,19,2019,86,Karnataka,August,August,93,Wilt,Biological Control,DAP,42,60,
Durum Wheat,PBW 343,Kharif,Alluvial,5.8,Low,24,2165,88,Rajasthan,April,February,126,Wilt,Crop Rotation,Potash,108,121,
Durum Wheat,HHB 67,Zaid,Alluvial,7,High,24,1495,53,Bihar,May,September,140,Leaf Spot,Neem Oil Spray,DAP,66,136,
Durum Wheat,Pusa Drumhead,Kharif,Sandy Loam,6.4,Medium,23,1991,65,Telangana,January,July,76,Blight,Neem Oil Spray,Nitrogen,47,44,
Emmer Wheat,KBSH 41,Rabi,Loamy,5.9,Medium,32,2078,58,Karnataka,March,January,194,Bacterial Blight,Integrated Pest Management,DAP,97,36,
Emmer Wheat,Pusa Drumhead,Kharif,Black Soil,6.4,Low,22,2187,47,Kerala,March,November,88,Bacterial Blight,Integrated Pest Management,NPK,97,45,
Emmer Wheat,GPU 45,Annual,Black Soil,6,Medium,25,744,52,Odisha,January,November,102,Rust,Chemical Pesticide,NPK,21,99,
Emmer Wheat,Bunny Bt,Kharif,Sandy Loam,7.2,Low,32,1077,45,Kerala,August,December,188,Rust,Biological Control,NPK,104,52,
Emmer Wheat,Morden,Annual,Loamy,5.9,Medium,34,1221,44,Kerala,November,October,151,Bacterial Blight,Biological Control,Potash,41,114,
Emmer Wheat,Vivek QPM 9,Rabi,Sandy Loam,7.7,Medium,37,1547,69,Punjab,March,May,118,Rust,Integrated Pest Management,Nitrogen,28,113,
Emmer Wheat,Pusa Sawani,Annual,Loamy,7.2,High,24,1901,63,Kerala,December,July,194,Rust,Biological Control,Compost,21,119,
Emmer Wheat,Kufri Chipsona 1,Kharif,Black Soil,7.1,High,38,1325,68,Rajasthan,April,April,94,Wilt,Chemical Pesticide,NPK,66,89,
Emmer Wheat,Arka Rakshak,Rabi,Clayey,7.3,Medium,34,1840,65,Uttar Pradesh,July,July,65,Wilt,Crop Rotation,NPK,40,40,
Emmer Wheat,Lok 1,Rabi,Sandy Loam,5.9,High,36,1156,64,Tamil Nadu,February,July,110,Wilt,Crop Rotation,Nitrogen,49,69,
Kamut,Pratap Makka 5,Zaid,Black Soil,7.5,Low,37,443,60,Maharashtra,November,September,106,Wilt,Integrated Pest Management,Potash,89,123,
Kamut,Mallika Bt,Rabi,Loamy,7.6,Low,35,2041,41,Rajasthan,March,April,119,Rust,Crop Rotation,Nitrogen,100,32,
Kamut,DPL 62,Kharif,Clayey,5.6,High,29,1954,57,Haryana,November,October,174,Bacterial Blight,Chemical Pesticide,Compost,49,39,
Kamut,CSV 15,Rabi,Alluvial,7.2,Medium,23,1749,46,Telangana,May,February,190,Leaf Spot,Chemical Pesticide,NPK,80,109,
Kamut,ICTP 8203,Annual,Black Soil,6,High,25,1641,61,Bihar,October,August,175,Wilt,Neem Oil Spray,NPK,60,149,
Kamut,Kadiri 6,Annual,Loamy,6.5,High,21,1794,83,Telangana,December,February,73,Wilt,Biological Control,Compost,64,143,
Kamut,Morden,Zaid,Black Soil,7.6,Medium,30,1311,54,Punjab,October,May,157,Mildew,Neem Oil Spray,Nitrogen,46,45,
Kamut,CSV 20,Annual,Clayey,5.6,Low,33,2070,46,Odisha,January,February,89,Rust,Integrated Pest Management,Nitrogen,64,100,
Kamut,T 13,Kharif,Sandy Loam,7.7,Medium,19,1938,80,Odisha,December,February,76,Blight,Chemical Pesticide,Compost,37,57,
Kamut,Kufri Chipsona 1,Zaid,Clayey,5.6,High,38,1937,86,Karnataka,February,January,185,Rust,Neem Oil Spray,Nitrogen,24,106,
Sweet Corn,Varsha Uphar,Kharif,Loamy,6.4,High,27,1163,67,Rajasthan,September,March,105,Rust,Biological Control,NPK,60,92,
Sweet Corn,Pusa Kesar,Kharif,Black Soil,6.5,Medium,29,1713,42,Karnataka,August,July,97,Wilt,Chemical Pesticide,Nitrogen,45,126,
Sweet Corn,Mallika Bt,Zaid,Black Soil,6.2,High,19,1028,86,Rajasthan,July,December,152,Leaf Spot,Neem Oil Spray,DAP,52,111,
Sweet Corn,Co 0238,Rabi,Black Soil,6.9,High,27,1462,52,Rajasthan,September,January,175,Bacterial Blight,Chemical Pesticide,NPK,96,70,
Sweet Corn,Pratap Makka 5,Rabi,Loamy,6.3,High,19,953,82,West Bengal,July,January,185,Leaf Spot,Biological Control,Potash,28,23,
Sweet Corn,Pusa Rohini,Kharif,Loamy,6.9,High,18,719,48,Telangana,October,February,163,Mildew,Integrated Pest Management,DAP,59,53,
Sweet Corn,Pusa Red,Annual,Black Soil,6.6,Low,26,1957,76,Gujarat,April,June,134,Rust,Neem Oil Spray,DAP,87,36,
Sweet Corn,Bhima Super,Kharif,Clayey,7.8,Low,21,769,81,Haryana,June,December,97,Wilt,Neem Oil Spray,DAP,85,55,
Sweet Corn,JL 24,Zaid,Alluvial,5.9,Low,27,2096,43,Andhra Pradesh,December,May,80,Bacterial Blight,Crop Rotation,Potash,107,12,
Sweet Corn,GG 20,Zaid,Black Soil,6.7,High,22,715,55,Punjab,January,February,107,Bacterial Blight,Integrated Pest Management,NPK,38,128,
Popcorn,Pusa Kesar,Zaid,Alluvial,7.1,Low,20,1191,59,Odisha,May,October,118,Mildew,Neem Oil Spray,Compost,44,92,
Popcorn,CSH 14,Annual,Black Soil,7.2,High,34,571,46,Gujarat,April,March,154,Blight,Chemical Pesticide,Nitrogen,79,13,
Popcorn,PDM 139,Rabi,Loamy,7,Medium,34,465,47,West Bengal,October,May,67,Mildew,Crop Rotation,Nitrogen,29,95,
Popcorn,ML 365,Kharif,Loamy,7.4,Low,37,329,89,Uttar Pradesh,May,April,196,Leaf Spot,Neem Oil Spray,DAP,72,89,
Popcorn,TMV 7,Rabi,Alluvial,5.8,Medium,34,1045,81,Karnataka,June,March,77,Blight,Biological Control,NPK,103,135,
Popcorn,HD 2967,Kharif,Black Soil,7.4,Medium,36,575,88,Uttar Pradesh,July,January,177,Blight,Chemical Pesticide,Compost,106,111,
Popcorn,ICTP 8203,Zaid,Clayey,7.7,Low,32,1665,46,Haryana,March,May,77,Leaf Spot,Crop Rotation,Nitrogen,79,21,
Popcorn,RCH2 Bt,Zaid,Black Soil,7.3,Medium,37,503,67,Telangana,April,August,117,Rust,Neem Oil Spray,Nitrogen,50,87,
Popcorn,RD 2035,Kharif,Black Soil,6.1,Low,20,786,65,Uttar Pradesh,March,September,130,Mildew,Integrated Pest Management,DAP,33,113,
Popcorn,MTU1010,Annual,Black Soil,5.9,High,18,1277,68,Telangana,June,July,102,Wilt,Integrated Pest Management,DAP,47,50,
Baby Corn,DHM 117,Kharif,Black Soil,7.6,Medium,29,503,49,Uttar Pradesh,May,June,168,Rust,Chemical Pesticide,Potash,58,126,
Baby Corn,Pusa Snowball,Rabi,Black Soil,7.3,Low,28,1222,52,Odisha,January,June,104,Bacterial Blight,Neem Oil Spray,Nitrogen,78,115,
Baby Corn,RD 2035,Zaid,Clayey,6.8,Medium,37,1207,86,Karnataka,August,December,181,Leaf Spot,Integrated Pest Management,NPK,42,142,
Baby Corn,ICTP 8203,Annual,Clayey,6,Low,36,1837,77,Rajasthan,July,May,97,Bacterial Blight,Chemical Pesticide,Compost,56,32,
Baby Corn,CSH 14,Annual,Clayey,5.9,Low,25,1251,76,Telangana,November,July,156,Leaf Spot,Biological Control,Potash,116,117,
Baby Corn,Morden,Zaid,Black Soil,7,High,24,1422,47,Andhra Pradesh,August,December,113,Mildew,Integrated Pest Management,Compost,21,50,
Baby Corn,KBSH 41,Annual,Loamy,6.1,Low,23,390,72,Bihar,July,January,94,Bacterial Blight,Biological Control,NPK,30,84,
Baby Corn,DBW 17,Kharif,Black Soil,6.8,Medium,23,1827,58,Haryana,August,October,133,Blight,Neem Oil Spray,Nitrogen,113,62,
Baby Corn,T9,Kharif,Alluvial,7.1,Low,20,1354,40,Tamil Nadu,December,December,61,Rust,Integrated Pest Management,DAP,20,12,
Baby Corn,NRC 37,Zaid,Black Soil,6.3,High,22,1583,44,Andhra Pradesh,March,October,96,Bacterial Blight,Neem Oil Spray,Potash,69,135,
Stevia,Mallika Bt,Rabi,Clayey,7,Low,28,1345,88,Gujarat,May,November,69,Wilt,Integrated Pest Management,Compost,97,139,
Stevia,Varuna,Rabi,Sandy Loam,7.8,Medium,29,1201,83,Tamil Nadu,January,June,74,Rust,Crop Rotation,Compost,111,100,
Stevia,JS 95-60,Rabi,Loamy,7,High,37,1470,62,Tamil Nadu,February,January,64,Bacterial Blight,Neem Oil Spray,DAP,21,41,
Stevia,JL 24,Rabi,Alluvial,7.7,Low,19,1633,88,Punjab,June,March,153,Mildew,Neem Oil Spray,Compost,60,147,
Stevia,NRC 37,Rabi,Loamy,7.8,High,23,2153,51,Tamil Nadu,April,August,75,Bacterial Blight,Chemical Pesticide,DAP,100,119,
Stevia,Samba Mahsuri,Kharif,Black Soil,6.3,Medium,19,672,58,West Bengal,October,August,87,Bacterial Blight,Biological Control,Nitrogen,50,96,
Stevia,UPAS 120,Annual,Black Soil,7.5,Medium,29,877,60,Bihar,December,June,92,Mildew,Neem Oil Spray,Compost,23,126,
Stevia,Pusa 256,Kharif,Loamy,6.7,Low,31,468,65,Odisha,February,August,184,Mildew,Biological Control,Nitrogen,41,111,
Stevia,Morden,Rabi,Clayey,5.6,Medium,22,1288,52,Maharashtra,October,January,154,Bacterial Blight,Crop Rotation,NPK,115,68,
Stevia,Co 86032,Kharif,Clayey,7,Low,25,669,75,Uttar Pradesh,February,September,90,Leaf Spot,Integrated Pest Management,Compost,81,128,
Patchouli,Kufri Jyoti,Zaid,Clayey,7.7,Low,27,1595,87,Tamil Nadu,June,May,170,Bacterial Blight,Chemical Pesticide,Potash,65,114,
Patchouli,KBSH 41,Rabi,Alluvial,7.5,High,29,495,45,Maharashtra,January,October,181,Blight,Integrated Pest Management,DAP,117,16,
Patchouli,IR64,Zaid,Clayey,6.3,Low,31,467,58,Haryana,July,December,155,Leaf Spot,Chemical Pesticide,NPK,37,76,
Patchouli,Arka Shirish,Zaid,Clayey,6.4,Low,21,362,85,Haryana,November,January,131,Blight,Biological Control,NPK,70,150,
Patchouli,Kadiri 6,Rabi,Loamy,6.3,High,19,953,82,West Bengal,July,January,185,Leaf Spot,Biological Control,Potash,28,23,
Patchouli,HQPM 1,Annual,Black Soil,7.3,Medium,30,1786,75,Tamil Nadu,December,September,182,Wilt,Biological Control,Compost,108,149,
Patchouli,ICPL 87119,Rabi,Sandy Loam,7,Low,28,757,65,Andhra Pradesh,November,August,151,Blight,Chemical Pesticide,Potash,99,143,
Patchouli,RD 2552,Zaid,Loamy,5.6,High,24,1288,54,Bihar,December,October,183,Blight,Biological Control,NPK,81,147,
Patchouli,GHB 558,Rabi,Black Soil,7.4,Low,26,457,61,Telangana,January,July,105,Mildew,Chemical Pesticide,Nitrogen,97,144,
Patchouli,Pusa Vishal,Kharif,Alluvial,7.8,Medium,28,354,88,West Bengal,December,January,174,Bacterial Blight,Chemical Pesticide,Nitrogen,21,97,
Vetiver,DBW 17,Annual,Black Soil,5.9,Low,31,2116,48,Karnataka,February,January,128,Blight,Biological Control,Potash,115,138,
Vetiver,Kufri Pukhraj,Zaid,Black Soil,5.8,Medium,34,1861,58,Rajasthan,March,September,76,Mildew,Crop Rotation,Nitrogen,94,88,
Vetiver,Bunny Bt,Annual,Alluvial,7.7,Medium,34,1610,43,Tamil Nadu,November,July,156,Mildew,Crop Rotation,Nitrogen,67,124,
Vetiver,PDM 139,Rabi,Black Soil,6.5,Medium,38,987,69,Odisha,June,November,66,Rust,Integrated Pest Management,Potash,85,79,
Vetiver,Pant Shubhra,Rabi,Clayey,7.6,Low,20,1246,49,Kerala,December,August,156,Mildew,Crop Rotation,Potash,103,128,
Vetiver,MACS 450,Kharif,Alluvial,6.6,High,31,1563,90,Madhya Pradesh,October,May,167,Leaf Spot,Chemical Pesticide,Potash,42,19,
Vetiver,RD 2552,Rabi,Loamy,6,High,22,1550,60,Andhra Pradesh,August,September,86,Wilt,Biological Control,Potash,112,71,
Vetiver,Kufri Bahar,Kharif,Black Soil,5.9,Medium,38,834,86,Uttar Pradesh,June,January,162,Mildew,Neem Oil Spray,Compost,104,26,
Vetiver,ICPL 87119,Kharif,Loamy,7.6,Low,25,1435,42,Odisha,July,May,130,Leaf Spot,Biological Control,NPK,90,89,
Vetiver,Co 99004,Kharif,Black Soil,7.8,High,38,1250,55,Maharashtra,February,August,171,Mildew,Neem Oil Spray,Potash,82,32,
Citronella,Kufri Pukhraj,Annual,Sandy Loam,7.6,Medium,25,1620,64,Uttar Pradesh,June,December,104,Leaf Spot,Integrated Pest Management,Compost,35,135,
Citronella,Bhima Super,Annual,Loamy,6.6,Medium,25,1391,48,Gujarat,October,July,63,Mildew,Chemical Pesticide,Potash,57,11,
Citronella,Ganga 5,Zaid,Black Soil,7.6,Low,34,945,63,Andhra Pradesh,August,June,96,Mildew,Chemical Pesticide,DAP,60,12,
Citronella,JL 24,Rabi,Black Soil,5.8,Low,31,439,77,Karnataka,April,September,192,Leaf Spot,Chemical Pesticide,Nitrogen,67,139,
Citronella,Co 86032,Zaid,Loamy,5.6,High,24,1288,54,Bihar,December,October,183,Blight,Biological Control,NPK,81,147,
Citronella,Maruti,Kharif,Sandy Loam,6.1,High,27,744,68,Uttar Pradesh,August,November,78,Mildew,Chemical Pesticide,Nitrogen,84,33,
Citronella,RD 2668,Rabi,Clayey,7.5,Medium,24,1427,48,Telangana,August,May,130,Mildew,Biological Control,Compost,65,124,
Citronella,Pant Shubhra,Annual,Sandy Loam,6.8,Medium,19,789,50,West Bengal,February,November,106,Bacterial Blight,Crop Rotation,Compost,59,66,
Citronella,MTU1010,Kharif,Sandy Loam,6.5,Low,23,2107,56,Madhya Pradesh,March,February,95,Wilt,Chemical Pesticide,DAP,84,24,
Citronella,Pusa Vishal,Rabi,Alluvial,6.5,Medium,34,1508,57,Tamil Nadu,November,July,73,Rust,Integrated Pest Management,NPK,72,72,
Geranium,Pusa Purple Long,Zaid,Alluvial,7.1,Low,20,1191,59,Odisha,May,October,118,Mildew,Neem Oil Spray,Compost,44,92,
Geranium,Pusa Chetki,Rabi,Black Soil,5.5,Medium,20,1043,76,West Bengal,July,May,196,Leaf Spot,Chemical Pesticide,Potash,24,102,
Geranium,Morden,Zaid,Loamy,7,Low,18,925,85,Haryana,December,July,114,Mildew,Biological Control,NPK,101,121,
Geranium,DHM 117,Rabi,Alluvial,5.9,High,20,1330,85,Rajasthan,April,November,108,Rust,Biological Control,Nitrogen,99,133,
Geranium,HD 3086,Zaid,Alluvial,7.3,Medium,22,794,84,Punjab,September,July,173,Wilt,Neem Oil Spray,Potash,88,82,
Geranium,WH 1105,Annual,Alluvial,7,High,24,1588,45,Uttar Pradesh,December,June,175,Bacterial Blight,Integrated Pest Management,DAP,50,37,
Geranium,JL 24,Annual,Alluvial,7.5,Low,33,1466,43,Karnataka,November,August,98,Blight,Crop Rotation,Compost,109,44,
Geranium,UPAS 120,Annual,Loamy,6.2,High,31,1780,65,Odisha,February,November,150,Rust,Chemical Pesticide,Nitrogen,88,22,
Geranium,Arka Shirish,Zaid,Black Soil,5.8,Medium,34,1861,58,Rajasthan,March,September,76,Mildew,Crop Rotation,Nitrogen,94,88,
Geranium,Co 0118,Rabi,Sandy Loam,5.6,High,19,1350,51,Gujarat,March,November,90,Wilt,Neem Oil Spray,NPK,64,68,
Saffron,Co 0118,Annual,Black Soil,6.2,High,34,2016,79,Rajasthan,February,April,138,Rust,Chemical Pesticide,Potash,95,57,
Saffron,TAG 24,Rabi,Alluvial,6.7,Low,23,1704,50,Karnataka,January,June,159,Rust,Biological Control,Nitrogen,39,132,
Saffron,Golden Acre,Annual,Loamy,6.1,Low,23,390,72,Bihar,July,January,94,Bacterial Blight,Biological Control,NPK,30,84,
Saffron,Pusa Drumhead,Kharif,Loamy,5.6,Medium,34,1794,62,Punjab,May,March,88,Mildew,Crop Rotation,NPK,59,31,
Saffron,JG 11,Rabi,Loamy,6.4,Low,37,1649,56,Bihar,January,April,66,Mildew,Crop Rotation,DAP,86,104,
Saffron,SML 668,Kharif,Clayey,7.7,Medium,19,951,78,Telangana,April,February,172,Blight,Crop Rotation,Nitrogen,110,13,
Saffron,Arka Rakshak,Rabi,Loamy,5.9,Low,19,1035,78,Telangana,February,September,162,Mildew,Crop Rotation,Potash,117,123,
Saffron,JL 24,Kharif,Loamy,7.2,Low,35,475,68,Tamil Nadu,July,February,140,Wilt,Integrated Pest Management,NPK,63,69,
Saffron,Arka Nidhi,Zaid,Sandy Loam,7.1,High,26,2113,63,Bihar,February,April,95,Wilt,Integrated Pest Management,Nitrogen,71,24,
Saffron,Asha,Annual,Clayey,6.3,Low,20,2159,48,Gujarat,June,April,144,Rust,Integrated Pest Management,Potash,26,38,
Anise,Co 86032,Kharif,Black Soil,5.5,High,27,1336,45,Tamil Nadu,February,March,161,Wilt,Neem Oil Spray,DAP,55,45,
Anise,Pusa 256,Annual,Loamy,6.9,Medium,32,757,43,Punjab,July,October,104,Wilt,Integrated Pest Management,NPK,98,99,
Anise,IR64,Rabi,Alluvial,6.8,High,25,1574,63,Odisha,January,July,94,Blight,Chemical Pesticide,DAP,57,150,
Anise,Kufri Chipsona 1,Kharif,Clayey,6,Low,35,1473,87,Haryana,October,May,197,Leaf Spot,Neem Oil Spray,NPK,29,43,
Anise,JS 95-60,Annual,Alluvial,7.6,High,26,2063,43,West Bengal,July,July,135,Blight,Integrated Pest Management,Potash,120,117,
Anise,Nantes,Kharif,Sandy Loam,7.7,Low,19,1831,47,Madhya Pradesh,November,December,169,Bacterial Blight,Integrated Pest Management,Compost,63,99,
Anise,ICTP 8203,Rabi,Black Soil,7,Medium,18,1298,77,Punjab,August,July,79,Blight,Crop Rotation,Potash,116,132,
Anise,Co 99004,Annual,Black Soil,6.2,High,26,1507,71,West Bengal,November,July,78,Wilt,Chemical Pesticide,NPK,23,15,
Anise,Mallika Bt,Annual,Alluvial,5.6,Low,22,402,48,Uttar Pradesh,February,May,148,Rust,Chemical Pesticide,DAP,49,34,
Anise,TC 25,Zaid,Loamy,5.7,Low,19,1059,79,Madhya Pradesh,September,September,167,Bacterial Blight,Neem Oil Spray,NPK,79,51,
Caraway,Asha,Kharif,Black Soil,6.9,Medium,25,1975,74,Gujarat,December,September,162,Bacterial Blight,Chemical Pesticide,Potash,32,136,
Caraway,Pusa Chetki,Annual,Sandy Loam,6.8,Medium,19,789,50,West Bengal,February,November,106,Bacterial Blight,Crop Rotation,Compost,59,66,
Caraway,DBW 17,Zaid,Loamy,7.5,Medium,38,523,48,Karnataka,February,December,195,Mildew,Biological Control,Nitrogen,69,21,
Caraway,Co 0118,Annual,Clayey,5.9,Medium,31,1618,82,Punjab,April,August,182,Rust,Biological Control,NPK,28,102,
Caraway,Co 99004,Rabi,Loamy,7.6,Low,22,758,68,Andhra Pradesh,January,September,74,Bacterial Blight,Neem Oil Spray,Nitrogen,72,44,
Caraway,DHM 117,Kharif,Loamy,7.7,Medium,38,782,60,Kerala,February,July,119,Leaf Spot,Crop Rotation,Compost,25,110,
Caraway,Indaf 9,Kharif,Sandy Loam,6.5,Low,23,2107,56,Madhya Pradesh,March,February,95,Wilt,Chemical Pesticide,DAP,84,24,
Caraway,Kufri Bahar,Kharif,Loamy,5.9,Medium,24,1535,66,Kerala,October,May,120,Rust,Neem Oil Spray,NPK,46,116,
Caraway,Pusa Masoor 5,Rabi,Sandy Loam,6.3,Low,37,819,60,West Bengal,July,April,177,Rust,Chemical Pesticide,Nitrogen,71,83,
Caraway,Vivek QPM 9,Annual,Loamy,5.8,Low,36,1677,90,Maharashtra,August,January,103,Leaf Spot,Neem Oil Spray,DAP,79,17,
Dill,T 13,Zaid,Black Soil,5.9,Low,21,1709,87,Maharashtra,October,April,191,Rust,Integrated Pest Management,Potash,58,148,
Dill,Pusa Bold,Kharif,Loamy,6.4,High,27,1163,67,Rajasthan,September,March,105,Rust,Biological Control,NPK,60,92,
Dill,JS 95-60,Zaid,Clayey,7.1,High,31,1124,46,Kerala,May,December,92,Leaf Spot,Chemical Pesticide,Compost,116,34,
Dill,Swarna,Zaid,Loamy,5.7,Low,19,1059,79,Madhya Pradesh,September,September,167,Bacterial Blight,Neem Oil Spray,NPK,79,51,
Dill,PL 639,Zaid,Loamy,6.8,High,22,471,68,Maharashtra,October,December,150,Leaf Spot,Neem Oil Spray,Potash,64,64,
Dill,IR64,Annual,Loamy,6.7,High,18,1292,44,Odisha,April,May,62,Blight,Integrated Pest Management,Compost,74,133,
Dill,Pusa Red,Rabi,Black Soil,7.4,High,32,2067,44,Rajasthan,November,June,126,Rust,Crop Rotation,Nitrogen,108,139,
Dill,RCH2 Bt,Annual,Loamy,7.8,Low,35,497,56,Andhra Pradesh,September,July,150,Leaf Spot,Chemical Pesticide,Potash,68,91,
Dill,Varsha Uphar,Kharif,Clayey,7.4,Low,33,1174,41,Haryana,January,January,75,Wilt,Biological Control,Potash,40,76,
Dill,CSH 14,Kharif,Alluvial,6.3,High,27,1573,83,Punjab,September,December,183,Wilt,Integrated Pest Management,Nitrogen,109,30,
Marjoram,Vijay,Annual,Black Soil,6.1,Medium,31,1085,79,Tamil Nadu,May,August,123,Leaf Spot,Biological Control,NPK,60,80,
Marjoram,Pusa Red,Zaid,Clayey,7,High,34,1206,81,West Bengal,June,May,88,Bacterial Blight,Neem Oil Spray,DAP,54,108,
Marjoram,Pusa Drumhead,Zaid,Black Soil,6,High,26,1800,90,Kerala,April,February,64,Rust,Chemical Pesticide,NPK,93,17,
Marjoram,CSV 20,Kharif,Black Soil,6.1,Low,20,786,65,Uttar Pradesh,March,September,130,Mildew,Integrated Pest Management,DAP,33,113,
Marjoram,GHB 558,Rabi,Black Soil,7.4,Low,26,457,61,Telangana,January,July,105,Mildew,Chemical Pesticide,Nitrogen,97,144,
Marjoram,DHM 117,Rabi,Clayey,7.6,Low,23,1785,41,Bihar,September,February,161,Leaf Spot,Chemical Pesticide,DAP,102,133,
Marjoram,Pusa Basmati 1509,Rabi,Sandy Loam,6,High,28,1319,79,Punjab,May,January,137,Bacterial Blight,Crop Rotation,Nitrogen,106,25,
Marjoram,MACS 450,Kharif,Sandy Loam,6.9,Medium,28,525,60,Telangana,July,June,116,Leaf Spot,Crop Rotation,DAP,22,109,
Marjoram,RD 2668,Rabi,Sandy Loam,7,Low,20,2040,80,Kerala,March,July,169,Mildew,Crop Rotation,Potash,104,55,
Marjoram,N53,Kharif,Black Soil,7.6,Low,19,2081,86,Gujarat,July,June,186,Bacterial Blight,Integrated Pest Management,Nitrogen,26,91,
Oregano,T9,Kharif,Sandy Loam,7.7,Low,28,722,68,Andhra Pradesh,March,May,87,Mildew,Crop Rotation,Compost,56,120,
Oregano,Pusa Ruby,Annual,Black Soil,6.1,Medium,33,2166,79,Uttar Pradesh,September,October,133,Leaf Spot,Integrated Pest Management,Nitrogen,94,85,
Oregano,Pusa Bold,Annual,Alluvial,7.1,High,22,1387,60,Andhra Pradesh,August,April,82,Wilt,Neem Oil Spray,DAP,54,27,
Oregano,Kranti,Annual,Black Soil,6.5,Low,24,1931,88,Maharashtra,August,May,189,Blight,Chemical Pesticide,DAP,61,34,
Oregano,TC 25,Annual,Black Soil,7,Medium,27,1614,66,Madhya Pradesh,August,July,116,Rust,Biological Control,Nitrogen,111,99,
Oregano,CSV 20,Annual,Loamy,6.4,Low,32,703,88,Gujarat,November,February,109,Mildew,Chemical Pesticide,DAP,74,82,
Oregano,Deccan 103,Rabi,Alluvial,7.6,Low,23,1191,67,Maharashtra,June,October,189,Mildew,Crop Rotation,Potash,79,65,
Oregano,Pusa Red,Annual,Sandy Loam,5.7,Medium,29,1990,64,Karnataka,June,December,195,Bacterial Blight,Crop Rotation,Compost,88,20,
Oregano,Pusa 256,Zaid,Black Soil,6.9,High,30,1615,79,Karnataka,May,June,146,Leaf Spot,Biological Control,Nitrogen,106,32,
Oregano,Varsha Uphar,Zaid,Black Soil,6.1,Medium,32,1124,63,Andhra Pradesh,December,December,144,Bacterial Blight,Crop Rotation,Potash,67,124,
Thyme,Pusa Basmati 1121,Annual,Sandy Loam,7.4,Medium,26,734,78,Bihar,November,November,84,Rust,Integrated Pest Management,DAP,46,98,
Thyme,Lok 1,Kharif,Clayey,5.6,High,32,1490,88,Telangana,November,December,127,Leaf Spot,Chemical Pesticide,NPK,69,97,
Thyme,Kadiri 6,Kharif,Clayey,7,Medium,35,1706,45,Haryana,March,December,120,Bacterial Blight,Integrated Pest Management,Nitrogen,75,81,
Thyme,Morden,Kharif,Black Soil,7.1,High,32,573,48,Madhya Pradesh,July,March,159,Wilt,Crop Rotation,Potash,59,20,
Thyme,RHB 121,Rabi,Clayey,7.2,Medium,29,1947,90,Karnataka,May,May,146,Rust,Chemical Pesticide,DAP,77,120,
Thyme,Kalyan Sona,Zaid,Clayey,6.5,Medium,24,2176,88,Madhya Pradesh,March,August,72,Leaf Spot,Biological Control,DAP,63,64,
Thyme,Swarna,Kharif,Black Soil,7.8,High,38,1250,55,Maharashtra,February,August,171,Mildew,Neem Oil Spray,Potash,82,32,
Thyme,Bunny Bt,Rabi,Black Soil,7.3,High,35,927,68,Maharashtra,June,March,156,Mildew,Neem Oil Spray,Compost,40,110,
Thyme,Bhima Super,Kharif,Black Soil,6.9,Low,22,1126,87,Odisha,August,April,74,Wilt,Crop Rotation,Compost,75,94,
Thyme,Ganga 5,Zaid,Sandy Loam,7.5,Low,38,364,40,Gujarat,December,October,199,Bacterial Blight,Crop Rotation,Nitrogen,29,86,
Rosemary,RCH2 Bt,Annual,Loamy,6.4,Low,25,1830,57,Rajasthan,January,July,135,Bacterial Blight,Chemical Pesticide,NPK,60,30,
Rosemary,Pusa Drumhead,Zaid,Alluvial,6.3,High,18,2033,85,Maharashtra,July,July,80,Wilt,Neem Oil Spray,Compost,44,91,
Rosemary,Indaf 9,Rabi,Loamy,6.5,Low,18,2177,40,Maharashtra,June,May,78,Leaf Spot,Crop Rotation,NPK,111,10,
Rosemary,HD 3086,Zaid,Loamy,5.6,High,24,1288,54,Bihar,December,October,183,Blight,Biological Control,NPK,81,147,
Rosemary,Varuna,Rabi,Loamy,6.1,Medium,24,825,74,Madhya Pradesh,October,March,144,Bacterial Blight,Integrated Pest Management,Nitrogen,103,127,
Rosemary,T 13,Kharif,Alluvial,6.3,Low,35,342,57,Telangana,October,September,75,Bacterial Blight,Biological Control,Compost,62,91,
Rosemary,Pusa Basmati 1509,Annual,Loamy,7.4,High,27,427,47,Madhya Pradesh,April,June,119,Mildew,Crop Rotation,DAP,116,81,
Rosemary,GHB 558,Kharif,Black Soil,6.8,Medium,23,1827,58,Haryana,August,October,133,Blight,Neem Oil Spray,Nitrogen,113,62,
Rosemary,Pusa Chetki,Rabi,Alluvial,6.8,High,35,471,68,Punjab,June,December,123,Mildew,Crop Rotation,DAP,66,121,
Rosemary,DHM 117,Zaid,Loamy,7.7,Low,38,1022,73,Karnataka,March,April,198,Mildew,Chemical Pesticide,DAP,70,23,
Sage,MTU1010,Annual,Loamy,7.7,High,31,714,76,Andhra Pradesh,January,November,107,Leaf Spot,Chemical Pesticide,DAP,29,74,
Sage,Agrifound Light Red,Rabi,Loamy,5.9,Low,30,604,50,Bihar,September,October,162,Leaf Spot,Crop Rotation,Nitrogen,52,31,
Sage,Pusa Chetki,Rabi,Loamy,6.3,High,19,953,82,West Bengal,July,January,185,Leaf Spot,Biological Control,Potash,28,23,
Sage,JG 14,Rabi,Clayey,5.8,Low,34,1883,51,Tamil Nadu,February,April,150,Mildew,Chemical Pesticide,Nitrogen,31,13,
Sage,PL 639,Kharif,Alluvial,5.5,Low,22,1849,71,Gujarat,February,April,190,Mildew,Crop Rotation,DAP,101,139,
Sage,Pusa Kesar,Annual,Loamy,7.3,Low,20,1846,45,West Bengal,January,October,91,Mildew,Neem Oil Spray,Potash,42,114,
Sage,Pusa Drumhead,Rabi,Black Soil,5.9,High,28,581,60,Tamil Nadu,October,June,107,Blight,Biological Control,DAP,104,101,
Sage,Asha,Kharif,Black Soil,6.5,Medium,29,1713,42,Karnataka,August,July,97,Wilt,Chemical Pesticide,Nitrogen,45,126,
Sage,ICTP 8203,Annual,Sandy Loam,6,Medium,38,725,68,Haryana,June,April,116,Blight,Crop Rotation,DAP,42,148,
Sage,Pusa Snowball,Kharif,Black Soil,7.1,High,32,573,48,Madhya Pradesh,July,March,159,Wilt,Crop Rotation,Potash,59,20,
Lavender,Nantes,Annual,Loamy,7.1,Low,35,1260,65,Bihar,March,February,117,Rust,Crop Rotation,Nitrogen,84,150,
Lavender,TAG 24,Zaid,Black Soil,5.9,High,19,722,62,Tamil Nadu,March,May,199,Leaf Spot,Neem Oil Spray,Potash,94,106,
Lavender,Pusa Sawani,Rabi,Loamy,5.8,Medium,36,1478,90,Andhra Pradesh,December,November,118,Rust,Neem Oil Spray,Potash,63,133,
Lavender,PL 639,Zaid,Black Soil,6,High,28,1503,42,Rajasthan,October,January,156,Bacterial Blight,Biological Control,NPK,36,121,
Lavender,Pusa Snowball,Rabi,Loamy,6.5,Low,18,2177,40,Maharashtra,June,May,78,Leaf Spot,Crop Rotation,NPK,111,10,
Lavender,KBSH 1,Rabi,Alluvial,6.8,Low,23,405,54,Maharashtra,August,June,193,Mildew,Biological Control,Potash,88,70,
Lavender,Indaf 9,Kharif,Loamy,5.7,Low,19,1297,45,Punjab,October,May,170,Rust,Biological Control,Compost,44,110,
Lavender,Pusa Kesar,Rabi,Black Soil,5.5,High,19,1667,63,Telangana,March,March,63,Leaf Spot,Integrated Pest Management,DAP,106,17,
Lavender,MACS 450,Rabi,Alluvial,6.1,Low,37,591,85,Uttar Pradesh,June,January,118,Leaf Spot,Biological Control,DAP,115,61,
Lavender,Pratap Makka 5,Kharif,Loamy,7.7,High,21,1038,83,West Bengal,August,July,173,Mildew,Biological Control,DAP,88,51,
Chamomile,ICTP 8203,Annual,Clayey,6.8,Medium,30,896,77,Bihar,February,December,155,Mildew,Crop Rotation,Potash,94,18,
Chamomile,RD 2552,Kharif,Black Soil,6.5,Medium,29,1713,42,Karnataka,August,July,97,Wilt,Chemical Pesticide,Nitrogen,45,126,
Chamomile,ADT 43,Rabi,Loamy,7,Medium,18,1903,90,Bihar,September,January,118,Leaf Spot,Crop Rotation,Compost,69,63,
Chamomile,N53,Rabi,Black Soil,7.3,High,18,1490,83,West Bengal,August,November,103,Blight,Neem Oil Spray,Potash,117,68,
Chamomile,Pusa Drumhead,Zaid,Sandy Loam,7.3,High,27,944,69,Rajasthan,March,January,180,Leaf Spot,Chemical Pesticide,DAP,111,84,
Chamomile,PL 406,Annual,Loamy,6.4,Medium,32,2157,85,Tamil Nadu,October,January,129,Blight,Crop Rotation,Nitrogen,68,84,
Chamomile,ML 365,Kharif,Loamy,6.7,Low,22,1879,89,Maharashtra,November,January,159,Wilt,Crop Rotation,DAP,74,36,
Chamomile,GHB 558,Kharif,Sandy Loam,7.5,Low,25,2012,89,Andhra Pradesh,April,July,87,Rust,Chemical Pesticide,NPK,21,98,
Chamomile,Agrifound Light Red,Rabi,Loamy,6.8,Low,28,918,49,Andhra Pradesh,August,October,195,Blight,Crop Rotation,Nitrogen,76,70,
Chamomile,Pusa Red,Kharif,Black Soil,6.5,Medium,29,1713,42,Karnataka,August,July,97,Wilt,Chemical Pesticide,Nitrogen,45,126,
Echinacea,Co 86032,Zaid,Sandy Loam,6.1,Medium,33,2093,40,Haryana,March,July,72,Blight,Integrated Pest Management,DAP,70,20,
Echinacea,Pusa Red,Annual,Loamy,7.8,Medium,22,2009,46,Rajasthan,July,March,83,Wilt,Integrated Pest Management,NPK,34,29,
Echinacea,Pusa Bold,Zaid,Alluvial,6.1,High,22,1923,50,Telangana,January,October,91,Bacterial Blight,Neem Oil Spray,Potash,90,52,
Echinacea,RCH2 Bt,Rabi,Sandy Loam,5.8,Medium,27,342,58,Madhya Pradesh,August,April,145,Wilt,Integrated Pest Management,Nitrogen,87,33,
Echinacea,Vivek QPM 9,Kharif,Loamy,7.6,Low,37,2015,87,Madhya Pradesh,February,May,75,Wilt,Biological Control,NPK,120,38,
Echinacea,CSH 16,Rabi,Loamy,7.6,Low,22,758,68,Andhra Pradesh,January,September,74,Bacterial Blight,Neem Oil Spray,Nitrogen,72,44,
Echinacea,Pusa Basmati 1121,Zaid,Sandy Loam,7.3,Medium,18,1244,89,Rajasthan,November,September,70,Bacterial Blight,Biological Control,Compost,32,89,
Echinacea,Pusa Masoor 5,Kharif,Clayey,7.1,Medium,20,1525,64,Bihar,March,March,83,Blight,Neem Oil Spray,Nitrogen,84,30,
Echinacea,LBG 20,Kharif,Loamy,7.8,Low,28,1860,72,Telangana,June,December,124,Blight,Chemical Pesticide,NPK,110,92,
Echinacea,Pusa Sawani,Rabi,Loamy,5.6,Medium,19,479,45,West Bengal,April,December,111,Bacterial Blight,Crop Rotation,Compost,41,14,
Ginseng,GG 20,Kharif,Sandy Loam,6.8,Low,25,1410,89,Odisha,June,November,191,Rust,Chemical Pesticide,Nitrogen,98,35,
Ginseng,Pant Shubhra,Zaid,Clayey,7.3,Low,20,1893,53,Punjab,May,June,196,Rust,Biological Control,NPK,61,58,
Ginseng,WH 1105,Kharif,Sandy Loam,7,Medium,25,1875,70,Telangana,July,February,134,Wilt,Chemical Pesticide,NPK,47,32,
Ginseng,RD 2668,Zaid,Loamy,5.9,Medium,27,1080,52,Odisha,January,September,117,Wilt,Neem Oil Spray,NPK,21,107,
Ginseng,ML 365,Annual,Loamy,6.8,Medium,26,1230,59,Telangana,November,November,192,Bacterial Blight,Crop Rotation,Nitrogen,87,126,
Ginseng,Samba Mahsuri,Kharif,Black Soil,7.4,High,38,923,56,Bihar,April,January,154,Bacterial Blight,Neem Oil Spray,DAP,55,117,
Ginseng,Pusa Snowball,Kharif,Sandy Loam,7.3,Low,23,955,80,Madhya Pradesh,August,February,86,Rust,Crop Rotation,Compost,44,68,
Ginseng,Ganga 5,Zaid,Clayey,7,Medium,29,1121,81,Rajasthan,May,May,192,Leaf Spot,Integrated Pest Management,Potash,36,51,
Ginseng,N53,Rabi,Alluvial,6.6,Medium,24,1218,66,Karnataka,July,June,83,Leaf Spot,Neem Oil Spray,Nitrogen,22,97,
Ginseng,GPU 28,Zaid,Black Soil,5.9,Low,21,1709,87,Maharashtra,October,April,191,Rust,Integrated Pest Management,Potash,58,148,
Licorice,Pusa Drumhead,Rabi,Black Soil,7.3,High,18,1490,83,West Bengal,August,November,103,Blight,Neem Oil Spray,Potash,117,68,
Licorice,CSH 14,Kharif,Black Soil,7.7,Low,23,1813,62,Odisha,September,July,84,Rust,Biological Control,DAP,99,79,
Licorice,CO 2,Zaid,Clayey,7.7,Low,27,1595,87,Tamil Nadu,June,May,170,Bacterial Blight,Chemical Pesticide,Potash,65,114,
Licorice,MTU1010,Kharif,Sandy Loam,6.1,High,29,1328,69,Madhya Pradesh,October,May,96,Wilt,Biological Control,Potash,101,145,
Licorice,UPAS 120,Zaid,Black Soil,7,High,24,1422,47,Andhra Pradesh,August,December,113,Mildew,Integrated Pest Management,Compost,21,50,
Licorice,ICTP 8203,Rabi,Black Soil,7,Medium,29,524,45,Telangana,June,August,81,Bacterial Blight,Crop Rotation,Compost,111,144,
Licorice,PBW 343,Rabi,Sandy Loam,6.7,Medium,22,570,41,Madhya Pradesh,March,March,193,Rust,Integrated Pest Management,Nitrogen,56,83,
Licorice,Arka Nidhi,Zaid,Alluvial,6.4,High,23,2042,72,Bihar,December,May,120,Mildew,Chemical Pesticide,Compost,76,49,
Licorice,Japanese White,Zaid,Sandy Loam,6.1,Medium,26,1456,71,Odisha,May,April,64,Wilt,Biological Control,Compost,104,135,
Licorice,JL 24,Zaid,Sandy Loam,6.8,High,23,1033,52,Maharashtra,April,October,191,Rust,Chemical Pesticide,Compost,69,39,
Valerian,Morden,Annual,Loamy,6.4,Low,32,703,88,Gujarat,November,February,109,Mildew,Chemical Pesticide,DAP,74,82,
Valerian,DPL 62,Annual,Sandy Loam,6.5,High,23,1897,73,Rajasthan,June,May,175,Bacterial Blight,Neem Oil Spray,DAP,99,99,
Valerian,TC 25,Rabi,Sandy Loam,7,High,33,1445,44,Telangana,March,August,151,Wilt,Crop Rotation,Compost,23,63,
Valerian,Pusa Bold,Kharif,Clayey,6.3,Medium,21,1605,89,Punjab,September,January,84,Mildew,Chemical Pesticide,NPK,66,88,
Valerian,ICPL 87119,Kharif,Loamy,6.2,Medium,32,511,89,West Bengal,May,October,77,Bacterial Blight,Neem Oil Spray,Potash,41,133,
Valerian,Agrifound Light Red,Annual,Loamy,5.8,Low,36,1677,90,Maharashtra,August,January,103,Leaf Spot,Neem Oil Spray,DAP,79,17,
Valerian,Vivek QPM 9,Rabi,Black Soil,5.6,High,28,792,85,Bihar,May,December,103,Wilt,Crop Rotation,Compost,34,39,
Valerian,SML 668,Kharif,Black Soil,6.8,Low,30,1367,43,Karnataka,April,October,200,Wilt,Biological Control,DAP,59,96,
Valerian,Pusa Masoor 5,Rabi,Alluvial,6.2,Medium,38,961,79,Uttar Pradesh,January,July,191,Leaf Spot,Integrated Pest Management,Nitrogen,84,23,
Valerian,Arka Anamika,Kharif,Loamy,5.7,High,27,2146,83,Bihar,May,June,155,Blight,Chemical Pesticide,Nitrogen,21,135,
Guar,ICTP 8203,Zaid,Sandy Loam,7.1,Medium,37,1871,53,Telangana,January,December,109,Mildew,Biological Control,Compost,109,111,
Guar,Maruti,Rabi,Sandy Loam,6.9,High,37,1368,40,Andhra Pradesh,June,October,142,Bacterial Blight,Biological Control,Potash,32,71,
Guar,Samrat,Annual,Sandy Loam,6,Medium,38,725,68,Haryana,June,April,116,Blight,Crop Rotation,DAP,42,148,
Guar,Kadiri 6,Rabi,Alluvial,7.2,Low,30,1259,54,Uttar Pradesh,May,July,166,Bacterial Blight,Integrated Pest Management,NPK,27,70,
Guar,Pusa Purple Long,Zaid,Black Soil,5.6,Medium,38,1175,44,West Bengal,March,April,136,Rust,Chemical Pesticide,Compost,109,142,
Guar,PL 639,Kharif,Clayey,6.3,Medium,21,1605,89,Punjab,September,January,84,Mildew,Chemical Pesticide,NPK,66,88,
Guar,JG 14,Annual,Loamy,6.6,Medium,35,1433,72,Bihar,July,May,150,Leaf Spot,Chemical Pesticide,Nitrogen,116,141,
Guar,Pusa 256,Zaid,Clayey,6.9,Medium,27,1940,83,Punjab,March,April,98,Wilt,Biological Control,Nitrogen,25,30,
Guar,Kalyan Sona,Annual,Sandy Loam,7.1,Low,19,1348,88,Punjab,March,January,121,Mildew,Crop Rotation,DAP,85,135,
Guar,Kufri Jyoti,Zaid,Clayey,6.3,Low,31,467,58,Haryana,July,December,155,Leaf Spot,Chemical Pesticide,NPK,37,76,
Indigo,Arka Nidhi,Rabi,Sandy Loam,6.6,High,24,1886,76,Rajasthan,August,April,64,Leaf Spot,Chemical Pesticide,DAP,31,81,
Indigo,Co 0238,Annual,Black Soil,5.5,High,25,1703,62,Karnataka,April,June,158,Mildew,Neem Oil Spray,Compost,28,110,
Indigo,GG 20,Zaid,Clayey,7.5,Low,33,404,64,Karnataka,March,December,138,Mildew,Neem Oil Spray,Compost,100,102,
Indigo,MTU1010,Annual,Clayey,5.9,Low,34,1869,72,Maharashtra,April,May,77,Blight,Chemical Pesticide,Nitrogen,51,96,
Indigo,PBW 343,Annual,Alluvial,7.1,High,22,1387,60,Andhra Pradesh,August,April,82,Wilt,Neem Oil Spray,DAP,54,27,
Indigo,RD 2552,Annual,Sandy Loam,6.3,High,24,2181,55,Gujarat,September,January,165,Bacterial Blight,Biological Control,Compost,102,53,
Indigo,Kufri Jyoti,Annual,Loamy,5.8,Low,21,452,75,Maharashtra,April,June,188,Rust,Chemical Pesticide,Nitrogen,88,60,
Indigo,HD 2967,Annual,Sandy Loam,6.9,Low,18,663,54,Punjab,May,August,85,Bacterial Blight,Chemical Pesticide,Potash,48,79,
Indigo,Kufri Bahar,Zaid,Black Soil,7.6,Medium,30,1311,54,Punjab,October,May,157,Mildew,Neem Oil Spray,Nitrogen,46,45,
Indigo,Co 86032,Zaid,Sandy Loam,6.3,Low,31,1139,70,Gujarat,May,June,141,Mildew,Biological Control,Nitrogen,84,108,
Roselle,WH 1105,Annual,Clayey,6,High,37,947,76,Odisha,January,February,182,Leaf Spot,Chemical Pesticide,NPK,94,50,
Roselle,Pusa Masoor 5,Rabi,Alluvial,6.3,Low,33,1466,53,Andhra Pradesh,February,March,60,Mildew,Chemical Pesticide,NPK,27,144,
Roselle,Kufri Jyoti,Rabi,Black Soil,6.5,Low,18,1541,40,Odisha,November,November,110,Bacterial Blight,Neem Oil Spray,NPK,62,150,
Roselle,Kufri Chipsona 1,Annual,Loamy,6.4,Low,32,703,88,Gujarat,November,February,109,Mildew,Chemical Pesticide,DAP,74,82,
Roselle,Pusa 256,Annual,Sandy Loam,7,Low,25,591,54,Maharashtra,March,October,77,Bacterial Blight,Chemical Pesticide,Compost,107,46,
Roselle,Kalyan Sona,Rabi,Sandy Loam,6.4,Medium,18,1434,59,Rajasthan,April,November,78,Blight,Neem Oil Spray,Nitrogen,119,19,
Roselle,Mallika Bt,Zaid,Alluvial,7.1,Low,20,1191,59,Odisha,May,October,118,Mildew,Neem Oil Spray,Compost,44,92,
Roselle,Varuna,Rabi,Alluvial,6.8,High,32,2092,44,Telangana,June,June,182,Bacterial Blight,Crop Rotation,Potash,85,88,
Roselle,HQPM 1,Annual,Black Soil,6.1,Medium,23,1567,62,Karnataka,May,May,177,Rust,Crop Rotation,Potash,36,133,
Roselle,Bhima Super,Rabi,Loamy,5.9,Low,30,604,50,Bihar,September,October,162,Leaf Spot,Crop Rotation,Nitrogen,52,31,
Hibiscus,HD 2967,Rabi,Alluvial,7.3,Medium,37,1941,69,Kerala,November,April,166,Blight,Crop Rotation,NPK,77,22,
Hibiscus,DPL 62,Rabi,Black Soil,7.3,High,35,927,68,Maharashtra,June,March,156,Mildew,Neem Oil Spray,Compost,40,110,
Hibiscus,LBG 20,Rabi,Black Soil,6.1,Low,26,894,82,Gujarat,September,March,138,Leaf Spot,Crop Rotation,DAP,60,49,
Hibiscus,Arka Nidhi,Kharif,Alluvial,7.5,Medium,33,597,66,Odisha,October,May,169,Blight,Integrated Pest Management,DAP,117,82,
Hibiscus,KBSH 1,Rabi,Loamy,5.8,Medium,38,1738,61,Karnataka,June,July,63,Leaf Spot,Biological Control,Nitrogen,34,67,
Hibiscus,N53,Kharif,Black Soil,7.5,High,29,2095,42,Bihar,June,February,61,Rust,Crop Rotation,Potash,61,52,
Hibiscus,CSV 15,Rabi,Loamy,7,High,37,1470,62,Tamil Nadu,February,January,64,Bacterial Blight,Neem Oil Spray,DAP,21,41,
Hibiscus,Pusa Rohini,Annual,Loamy,7.6,Low,33,990,64,Uttar Pradesh,November,September,178,Rust,Integrated Pest Management,Potash,57,79,
Hibiscus,ADT 43,Rabi,Sandy Loam,6,High,28,1319,79,Punjab,May,January,137,Bacterial Blight,Crop Rotation,Nitrogen,106,25,
Hibiscus,DBW 17,Zaid,Alluvial,7.2,Medium,24,1391,90,Uttar Pradesh,July,October,102,Leaf Spot,Neem Oil Spray,Nitrogen,72,141,
Lotus,ML 365,Rabi,Alluvial,5.8,Medium,28,764,40,Odisha,August,August,65,Mildew,Biological Control,Potash,102,127,
Lotus,UPAS 120,Zaid,Clayey,7,Low,28,496,86,Telangana,February,January,127,Leaf Spot,Neem Oil Spray,DAP,94,127,
Lotus,Co 0118,Zaid,Loamy,6.2,Medium,34,1119,50,Uttar Pradesh,March,August,68,Rust,Neem Oil Spray,NPK,76,119,
Lotus,TAG 24,Rabi,Black Soil,6.5,Medium,28,1496,64,Haryana,August,July,155,Blight,Integrated Pest Management,NPK,45,96,
Lotus,Co 99004,Zaid,Sandy Loam,6.1,Medium,33,2093,40,Haryana,March,July,72,Blight,Integrated Pest Management,DAP,70,20,
Lotus,HD 3086,Annual,Sandy Loam,6.6,Low,26,1331,64,Rajasthan,April,October,163,Leaf Spot,Chemical Pesticide,Compost,50,45,
Lotus,Nantes,Annual,Sandy Loam,5.7,Medium,29,1990,64,Karnataka,June,December,195,Bacterial Blight,Crop Rotation,Compost,88,20,
Lotus,Kufri Bahar,Kharif,Sandy Loam,6,Low,30,784,43,Gujarat,July,October,127,Blight,Biological Control,Compost,47,145,
Lotus,Golden Acre,Rabi,Loamy,5.7,High,31,1257,48,Bihar,March,November,69,Bacterial Blight,Biological Control,Nitrogen,107,99,
Lotus,Pusa Snowball,Zaid,Clayey,7.7,Low,31,577,64,Karnataka,October,August,105,Blight,Crop Rotation,Compost,67,77,
Water Chestnut,NCS 145 Bt,Kharif,Loamy,6.8,Low,38,1014,57,Punjab,October,December,81,Mildew,Biological Control,Potash,102,61,
Water Chestnut,Pusa Drumhead,Zaid,Alluvial,7.4,High,29,518,58,Telangana,December,September,170,Leaf Spot,Integrated Pest Management,Potash,56,48,
Water Chestnut,Kranti,Annual,Clayey,7.7,Low,30,792,85,Bihar,October,January,65,Bacterial Blight,Chemical Pesticide,Nitrogen,77,40,
Water Chestnut,ICPL 87119,Zaid,Black Soil,6.5,High,37,1205,48,Maharashtra,May,March,133,Rust,Integrated Pest Management,Compost,118,123,
Water Chestnut,TMV 7,Rabi,Alluvial,7.2,Low,32,1345,62,Uttar Pradesh,April,August,84,Rust,Crop Rotation,NPK,98,72,
Water Chestnut,Pusa Vishal,Kharif,Loamy,6.6,High,27,1876,42,Bihar,January,January,113,Wilt,Integrated Pest Management,DAP,74,66,
Water Chestnut,Pusa Masoor 5,Kharif,Loamy,7.2,High,25,1582,85,Madhya Pradesh,March,June,69,Leaf Spot,Neem Oil Spray,Nitrogen,35,38,
Water Chestnut,JL 24,Annual,Black Soil,6.1,Medium,23,1567,62,Karnataka,May,May,177,Rust,Crop Rotation,Potash,36,133,
Water Chestnut,HHB 67,Zaid,Alluvial,7.6,High,20,1600,86,West Bengal,February,August,105,Rust,Crop Rotation,DAP,21,12,
Water Chestnut,Pusa Red,Annual,Sandy Loam,7.3,Medium,35,1862,70,Uttar Pradesh,March,January,200,Blight,Biological Control,NPK,55,55,
Sea Buckthorn,Kufri Bahar,Annual,Black Soil,6,High,25,1641,61,Bihar,October,August,175,Wilt,Neem Oil Spray,NPK,60,149,
Sea Buckthorn,Kufri Jyoti,Zaid,Clayey,5.8,Medium,18,1821,44,Madhya Pradesh,August,November,119,Blight,Crop Rotation,Nitrogen,114,101,
Sea Buckthorn,Rohini,Zaid,Black Soil,7,High,22,1280,71,West Bengal,February,May,84,Rust,Integrated Pest Management,DAP,63,24,
Sea Buckthorn,Pusa Basmati 1121,Annual,Clayey,6.9,High,38,1740,63,Karnataka,October,July,105,Mildew,Chemical Pesticide,Nitrogen,87,120,
Sea Buckthorn,Mallika Bt,Rabi,Clayey,5.8,Low,34,1883,51,Tamil Nadu,February,April,150,Mildew,Chemical Pesticide,Nitrogen,31,13,
Sea Buckthorn,PBW 343,Kharif,Sandy Loam,5.7,Medium,25,398,66,Kerala,June,October,161,Blight,Crop Rotation,DAP,54,16,
Sea Buckthorn,Co 86032,Annual,Clayey,7.5,High,22,1823,49,Madhya Pradesh,May,January,180,Blight,Chemical Pesticide,Nitrogen,54,33,
Sea Buckthorn,LBG 20,Rabi,Alluvial,6.3,Low,33,1466,53,Andhra Pradesh,February,March,60,Mildew,Chemical Pesticide,NPK,27,144,
Sea Buckthorn,Arka Rakshak,Annual,Sandy Loam,6.8,Medium,19,789,50,West Bengal,February,November,106,Bacterial Blight,Crop Rotation,Compost,59,66,
Sea Buckthorn,SML 668,Kharif,Clayey,6.4,Low,28,1096,43,Odisha,August,March,144,Blight,Integrated Pest Management,Nitrogen,59,50,
Artemisia,Bhima Super,Kharif,Clayey,7.7,Low,26,1395,76,Telangana,September,May,167,Mildew,Crop Rotation,Compost,105,30,
Artemisia,JG 14,Zaid,Loamy,7.6,High,29,1539,54,Bihar,September,March,115,Bacterial Blight,Chemical Pesticide,Compost,80,60,
Artemisia,Pusa Rohini,Annual,Alluvial,6.9,Medium,22,1159,47,Tamil Nadu,June,February,161,Mildew,Chemical Pesticide,DAP,77,42,
Artemisia,N53,Rabi,Loamy,7,Medium,18,1903,90,Bihar,September,January,118,Leaf Spot,Crop Rotation,Compost,69,63,
Artemisia,Asha,Kharif,Clayey,7.4,Low,33,1174,41,Haryana,January,January,75,Wilt,Biological Control,Potash,40,76,
Artemisia,TC 25,Kharif,Black Soil,7.8,High,38,1250,55,Maharashtra,February,August,171,Mildew,Neem Oil Spray,Potash,82,32,
Artemisia,Pusa Masoor 5,Rabi,Black Soil,6.4,High,23,947,61,Gujarat,April,June,135,Mildew,Biological Control,DAP,60,84,
Artemisia,Deccan 103,Annual,Clayey,5.9,High,23,1561,51,Bihar,January,May,157,Rust,Chemical Pesticide,Nitrogen,65,149,
Artemisia,Pusa Kranti,Rabi,Alluvial,6,High,18,817,44,Rajasthan,November,October,105,Wilt,Neem Oil Spray,NPK,110,16,
Artemisia,T 13,Annual,Clayey,6.4,High,29,681,65,Maharashtra,September,June,85,Wilt,Crop Rotation,Nitrogen,92,99,
Moringa Leaf,DBW 17,Zaid,Black Soil,7.3,Medium,37,503,67,Telangana,April,August,117,Rust,Neem Oil Spray,Nitrogen,50,87,
Moringa Leaf,GHB 558,Annual,Loamy,7.4,Medium,32,1847,58,Madhya Pradesh,December,November,62,Wilt,Biological Control,Potash,84,29,
Moringa Leaf,RD 2668,Kharif,Loamy,5.6,Medium,34,1794,62,Punjab,May,March,88,Mildew,Crop Rotation,NPK,59,31,
Moringa Leaf,Co 99004,Annual,Clayey,5.9,Medium,31,1618,82,Punjab,April,August,182,Rust,Biological Control,NPK,28,102,
Moringa Leaf,WH 1105,Kharif,Black Soil,7.7,High,28,1105,69,Kerala,July,March,68,Blight,Crop Rotation,NPK,46,51,
Moringa Leaf,GG 20,Rabi,Clayey,7.6,Low,20,1246,49,Kerala,December,August,156,Mildew,Crop Rotation,Potash,103,128,
Moringa Leaf,Vijay,Rabi,Sandy Loam,5.7,Low,34,1424,53,Punjab,July,May,134,Bacterial Blight,Neem Oil Spray,NPK,31,65,
Moringa Leaf,IR36,Kharif,Clayey,5.6,High,32,1490,88,Telangana,November,December,127,Leaf Spot,Chemical Pesticide,NPK,69,97,
Moringa Leaf,Nantes,Annual,Black Soil,6.6,High,30,2012,43,West Bengal,April,July,187,Bacterial Blight,Neem Oil Spray,NPK,52,47,
Moringa Leaf,Morden,Kharif,Clayey,6,Low,35,1473,87,Haryana,October,May,197,Leaf Spot,Neem Oil Spray,NPK,29,43,
Curry Leaf,PL 406,Zaid,Black Soil,6.3,Low,38,831,81,Tamil Nadu,November,April,63,Wilt,Chemical Pesticide,Compost,22,85,
Curry Leaf,JS 335,Zaid,Clayey,6.1,Low,31,2157,79,Odisha,February,July,120,Wilt,Crop Rotation,DAP,62,12,
Curry Leaf,Pratap Makka 5,Annual,Loamy,5.7,Low,18,1294,87,Gujarat,December,February,152,Bacterial Blight,Biological Control,DAP,87,101,
Curry Leaf,HD 2967,Kharif,Loamy,7.7,High,37,1852,44,Odisha,December,October,182,Wilt,Chemical Pesticide,Potash,73,15,
Curry Leaf,Samba Mahsuri,Kharif,Loamy,6.8,Low,27,1020,68,Bihar,October,November,176,Rust,Chemical Pesticide,DAP,23,113,
Curry Leaf,LBG 20,Kharif,Loamy,7.6,Low,25,1435,42,Odisha,July,May,130,Leaf Spot,Biological Control,NPK,90,89,
Curry Leaf,CSH 14,Annual,Black Soil,7.3,Medium,30,1786,75,Tamil Nadu,December,September,182,Wilt,Biological Control,Compost,108,149,
Curry Leaf,Pusa 256,Zaid,Alluvial,7.1,Low,20,1191,59,Odisha,May,October,118,Mildew,Neem Oil Spray,Compost,44,92,
Curry Leaf,NRC 37,Kharif,Black Soil,7.7,Low,23,1813,62,Odisha,September,July,84,Rust,Biological Control,DAP,99,79,
Curry Leaf,PU 31,Zaid,Alluvial,6,High,27,1502,48,Kerala,July,August,86,Wilt,Integrated Pest Management,DAP,65,59,
